Type,Campaign,Ad Group,Match Type,Keyword / Ad Element,Value,Max CPC,Status,Final URL
Campaign,RankerToolAI - AI Tool Reviews,,,,,,Enabled,
Campaign Budget,RankerToolAI - AI Tool Reviews,,,Daily Budget,10.0,,,
Ad Group,RankerToolAI - AI Tool Reviews,ElevenLabs Review,,,,,Enabled,
Keyword,RankerToolAI - AI Tool Reviews,ElevenLabs Review,Exact,elevenlabs review,,2.0,Enabled,
Keyword,RankerToolAI - AI Tool Reviews,ElevenLabs Review,Exact,elevenlabs reviews 2026,,2.0,Enabled,
Keyword,RankerToolAI - AI Tool Reviews,ElevenLabs Review,Exact,is elevenlabs worth it,,2.2,Enabled,
Keyword,RankerToolAI - AI Tool Reviews,ElevenLabs Review,Exact,elevenlabs pros and cons,,1.8,Enabled,
Keyword,RankerToolAI - AI Tool Reviews,ElevenLabs Review,Exact,elevenlabs pricing,,1.6,Enabled,
Keyword,RankerToolAI - AI Tool Reviews,ElevenLabs Review,Phrase,elevenlabs review,,1.5,Enabled,
Keyword,RankerToolAI - AI Tool Reviews,ElevenLabs Review,Phrase,elevenlabs honest review,,1.8,Enabled,
Keyword,RankerToolAI - AI Tool Reviews,ElevenLabs Review,Phrase,best elevenlabs plan,,1.4,Enabled,
Headline 1,RankerToolAI - AI Tool Reviews,ElevenLabs Review,,ElevenLabs Review 2026,,,,https://rankertoolai.com/lp/elevenlabs/
Headline 2,RankerToolAI - AI Tool Reviews,ElevenLabs Review,,Is ElevenLabs Worth It? (9.2/1,,,,https://rankertoolai.com/lp/elevenlabs/
Headline 3,RankerToolAI - AI Tool Reviews,ElevenLabs Review,,Honest ElevenLabs Review,,,,https://rankertoolai.com/lp/elevenlabs/
Headline 4,RankerToolAI - AI Tool Reviews,ElevenLabs Review,,ElevenLabs — Expert Score: 9.2,,,,https://rankertoolai.com/lp/elevenlabs/
Headline 5,RankerToolAI - AI Tool Reviews,ElevenLabs Review,,We Tested ElevenLabs for 100hr,,,,https://rankertoolai.com/lp/elevenlabs/
Headline 6,RankerToolAI - AI Tool Reviews,ElevenLabs Review,,"ElevenLabs Pros, Cons & Pricin",,,,https://rankertoolai.com/lp/elevenlabs/
Headline 7,RankerToolAI - AI Tool Reviews,ElevenLabs Review,,Unbiased AI Tool Reviews,,,,https://rankertoolai.com/lp/elevenlabs/
Headline 8,RankerToolAI - AI Tool Reviews,ElevenLabs Review,,Expert-Tested AI Tools,,,,https://rankertoolai.com/lp/elevenlabs/
Headline 9,RankerToolAI - AI Tool Reviews,ElevenLabs Review,,Try ElevenLabs Risk-Free,,,,https://rankertoolai.com/lp/elevenlabs/
Headline 10,RankerToolAI - AI Tool Reviews,ElevenLabs Review,,ElevenLabs Free Trial Availabl,,,,https://rankertoolai.com/lp/elevenlabs/
Headline 11,RankerToolAI - AI Tool Reviews,ElevenLabs Review,,No Affiliate Bias,,,,https://rankertoolai.com/lp/elevenlabs/
Headline 12,RankerToolAI - AI Tool Reviews,ElevenLabs Review,,Updated July 2026,,,,https://rankertoolai.com/lp/elevenlabs/
Headline 13,RankerToolAI - AI Tool Reviews,ElevenLabs Review,,Is ElevenLabs Right For You?,,,,https://rankertoolai.com/lp/elevenlabs/
Headline 14,RankerToolAI - AI Tool Reviews,ElevenLabs Review,,See Full ElevenLabs Breakdown,,,,https://rankertoolai.com/lp/elevenlabs/
Headline 15,RankerToolAI - AI Tool Reviews,ElevenLabs Review,,ElevenLabs — Real User Rating,,,,https://rankertoolai.com/lp/elevenlabs/
Description 1,RankerToolAI - AI Tool Reviews,ElevenLabs Review,,"We spent 100+ hours testing ElevenLabs. Score: 9.2/10. See full breakdown of features, pri",,,,
Description 2,RankerToolAI - AI Tool Reviews,ElevenLabs Review,,"Independent ElevenLabs review by AI tool experts. No bias. Pros, cons, pricing — everythin",,,,
Description 3,RankerToolAI - AI Tool Reviews,ElevenLabs Review,,Compare ElevenLabs with alternatives. Updated weekly. Find the best AI tool for your needs,,,,
Description 4,RankerToolAI - AI Tool Reviews,ElevenLabs Review,,"ElevenLabs review: who should use it, how much it costs, and whether it's worth the money ",,,,
Display URL Path 1,RankerToolAI - AI Tool Reviews,ElevenLabs Review,,Review,,,,
Display URL Path 2,RankerToolAI - AI Tool Reviews,ElevenLabs Review,,ElevenLabs,,,,
Ad Group,RankerToolAI - AI Tool Reviews,Jasper AI Review,,,,,Enabled,
Keyword,RankerToolAI - AI Tool Reviews,Jasper AI Review,Exact,jasper ai review,,2.0,Enabled,
Keyword,RankerToolAI - AI Tool Reviews,Jasper AI Review,Exact,jasper ai reviews 2026,,2.0,Enabled,
Keyword,RankerToolAI - AI Tool Reviews,Jasper AI Review,Exact,is jasper ai worth it,,2.2,Enabled,
Keyword,RankerToolAI - AI Tool Reviews,Jasper AI Review,Exact,jasper ai pros and cons,,1.8,Enabled,
Keyword,RankerToolAI - AI Tool Reviews,Jasper AI Review,Exact,jasper ai pricing,,1.6,Enabled,
Keyword,RankerToolAI - AI Tool Reviews,Jasper AI Review,Phrase,jasper ai review,,1.5,Enabled,
Keyword,RankerToolAI - AI Tool Reviews,Jasper AI Review,Phrase,jasper ai honest review,,1.8,Enabled,
Keyword,RankerToolAI - AI Tool Reviews,Jasper AI Review,Phrase,best jasper ai plan,,1.4,Enabled,
Headline 1,RankerToolAI - AI Tool Reviews,Jasper AI Review,,Jasper AI Review 2026,,,,https://rankertoolai.com/lp/jasper/
Headline 2,RankerToolAI - AI Tool Reviews,Jasper AI Review,,Is Jasper AI Worth It? (8.9/10,,,,https://rankertoolai.com/lp/jasper/
Headline 3,RankerToolAI - AI Tool Reviews,Jasper AI Review,,Honest Jasper AI Review,,,,https://rankertoolai.com/lp/jasper/
Headline 4,RankerToolAI - AI Tool Reviews,Jasper AI Review,,Jasper AI — Expert Score: 8.9/,,,,https://rankertoolai.com/lp/jasper/
Headline 5,RankerToolAI - AI Tool Reviews,Jasper AI Review,,We Tested Jasper AI for 100hrs,,,,https://rankertoolai.com/lp/jasper/
Headline 6,RankerToolAI - AI Tool Reviews,Jasper AI Review,,"Jasper AI Pros, Cons & Pricing",,,,https://rankertoolai.com/lp/jasper/
Headline 7,RankerToolAI - AI Tool Reviews,Jasper AI Review,,Unbiased AI Tool Reviews,,,,https://rankertoolai.com/lp/jasper/
Headline 8,RankerToolAI - AI Tool Reviews,Jasper AI Review,,Expert-Tested AI Tools,,,,https://rankertoolai.com/lp/jasper/
Headline 9,RankerToolAI - AI Tool Reviews,Jasper AI Review,,Try Jasper AI Risk-Free,,,,https://rankertoolai.com/lp/jasper/
Headline 10,RankerToolAI - AI Tool Reviews,Jasper AI Review,,Jasper AI Free Trial Available,,,,https://rankertoolai.com/lp/jasper/
Headline 11,RankerToolAI - AI Tool Reviews,Jasper AI Review,,No Affiliate Bias,,,,https://rankertoolai.com/lp/jasper/
Headline 12,RankerToolAI - AI Tool Reviews,Jasper AI Review,,Updated July 2026,,,,https://rankertoolai.com/lp/jasper/
Headline 13,RankerToolAI - AI Tool Reviews,Jasper AI Review,,Is Jasper AI Right For You?,,,,https://rankertoolai.com/lp/jasper/
Headline 14,RankerToolAI - AI Tool Reviews,Jasper AI Review,,See Full Jasper AI Breakdown,,,,https://rankertoolai.com/lp/jasper/
Headline 15,RankerToolAI - AI Tool Reviews,Jasper AI Review,,Jasper AI — Real User Rating,,,,https://rankertoolai.com/lp/jasper/
Description 1,RankerToolAI - AI Tool Reviews,Jasper AI Review,,"We spent 100+ hours testing Jasper AI. Score: 8.9/10. See full breakdown of features, pric",,,,
Description 2,RankerToolAI - AI Tool Reviews,Jasper AI Review,,"Independent Jasper AI review by AI tool experts. No bias. Pros, cons, pricing — everything",,,,
Description 3,RankerToolAI - AI Tool Reviews,Jasper AI Review,,Compare Jasper AI with alternatives. Updated weekly. Find the best AI tool for your needs ,,,,
Description 4,RankerToolAI - AI Tool Reviews,Jasper AI Review,,"Jasper AI review: who should use it, how much it costs, and whether it's worth the money i",,,,
Display URL Path 1,RankerToolAI - AI Tool Reviews,Jasper AI Review,,Review,,,,
Display URL Path 2,RankerToolAI - AI Tool Reviews,Jasper AI Review,,Jasper-AI,,,,
Ad Group,RankerToolAI - AI Tool Reviews,Surfer SEO Review,,,,,Enabled,
Keyword,RankerToolAI - AI Tool Reviews,Surfer SEO Review,Exact,surfer seo review,,2.0,Enabled,
Keyword,RankerToolAI - AI Tool Reviews,Surfer SEO Review,Exact,surfer seo reviews 2026,,2.0,Enabled,
Keyword,RankerToolAI - AI Tool Reviews,Surfer SEO Review,Exact,is surfer seo worth it,,2.2,Enabled,
Keyword,RankerToolAI - AI Tool Reviews,Surfer SEO Review,Exact,surfer seo pros and cons,,1.8,Enabled,
Keyword,RankerToolAI - AI Tool Reviews,Surfer SEO Review,Exact,surfer seo pricing,,1.6,Enabled,
Keyword,RankerToolAI - AI Tool Reviews,Surfer SEO Review,Phrase,surfer seo review,,1.5,Enabled,
Keyword,RankerToolAI - AI Tool Reviews,Surfer SEO Review,Phrase,surfer seo honest review,,1.8,Enabled,
Keyword,RankerToolAI - AI Tool Reviews,Surfer SEO Review,Phrase,best surfer seo plan,,1.4,Enabled,
Headline 1,RankerToolAI - AI Tool Reviews,Surfer SEO Review,,Surfer SEO Review 2026,,,,https://rankertoolai.com/lp/surfer-seo/
Headline 2,RankerToolAI - AI Tool Reviews,Surfer SEO Review,,Is Surfer SEO Worth It? (9.0/1,,,,https://rankertoolai.com/lp/surfer-seo/
Headline 3,RankerToolAI - AI Tool Reviews,Surfer SEO Review,,Honest Surfer SEO Review,,,,https://rankertoolai.com/lp/surfer-seo/
Headline 4,RankerToolAI - AI Tool Reviews,Surfer SEO Review,,Surfer SEO — Expert Score: 9.0,,,,https://rankertoolai.com/lp/surfer-seo/
Headline 5,RankerToolAI - AI Tool Reviews,Surfer SEO Review,,We Tested Surfer SEO for 100hr,,,,https://rankertoolai.com/lp/surfer-seo/
Headline 6,RankerToolAI - AI Tool Reviews,Surfer SEO Review,,"Surfer SEO Pros, Cons & Pricin",,,,https://rankertoolai.com/lp/surfer-seo/
Headline 7,RankerToolAI - AI Tool Reviews,Surfer SEO Review,,Unbiased AI Tool Reviews,,,,https://rankertoolai.com/lp/surfer-seo/
Headline 8,RankerToolAI - AI Tool Reviews,Surfer SEO Review,,Expert-Tested AI Tools,,,,https://rankertoolai.com/lp/surfer-seo/
Headline 9,RankerToolAI - AI Tool Reviews,Surfer SEO Review,,Try Surfer SEO Risk-Free,,,,https://rankertoolai.com/lp/surfer-seo/
Headline 10,RankerToolAI - AI Tool Reviews,Surfer SEO Review,,Surfer SEO Free Trial Availabl,,,,https://rankertoolai.com/lp/surfer-seo/
Headline 11,RankerToolAI - AI Tool Reviews,Surfer SEO Review,,No Affiliate Bias,,,,https://rankertoolai.com/lp/surfer-seo/
Headline 12,RankerToolAI - AI Tool Reviews,Surfer SEO Review,,Updated July 2026,,,,https://rankertoolai.com/lp/surfer-seo/
Headline 13,RankerToolAI - AI Tool Reviews,Surfer SEO Review,,Is Surfer SEO Right For You?,,,,https://rankertoolai.com/lp/surfer-seo/
Headline 14,RankerToolAI - AI Tool Reviews,Surfer SEO Review,,See Full Surfer SEO Breakdown,,,,https://rankertoolai.com/lp/surfer-seo/
Headline 15,RankerToolAI - AI Tool Reviews,Surfer SEO Review,,Surfer SEO — Real User Rating,,,,https://rankertoolai.com/lp/surfer-seo/
Description 1,RankerToolAI - AI Tool Reviews,Surfer SEO Review,,"We spent 100+ hours testing Surfer SEO. Score: 9.0/10. See full breakdown of features, pri",,,,
Description 2,RankerToolAI - AI Tool Reviews,Surfer SEO Review,,"Independent Surfer SEO review by AI tool experts. No bias. Pros, cons, pricing — everythin",,,,
Description 3,RankerToolAI - AI Tool Reviews,Surfer SEO Review,,Compare Surfer SEO with alternatives. Updated weekly. Find the best AI tool for your needs,,,,
Description 4,RankerToolAI - AI Tool Reviews,Surfer SEO Review,,"Surfer SEO review: who should use it, how much it costs, and whether it's worth the money ",,,,
Display URL Path 1,RankerToolAI - AI Tool Reviews,Surfer SEO Review,,Review,,,,
Display URL Path 2,RankerToolAI - AI Tool Reviews,Surfer SEO Review,,Surfer-SEO,,,,
Ad Group,RankerToolAI - AI Tool Reviews,Writesonic Review,,,,,Enabled,
Keyword,RankerToolAI - AI Tool Reviews,Writesonic Review,Exact,writesonic review,,2.0,Enabled,
Keyword,RankerToolAI - AI Tool Reviews,Writesonic Review,Exact,writesonic reviews 2026,,2.0,Enabled,
Keyword,RankerToolAI - AI Tool Reviews,Writesonic Review,Exact,is writesonic worth it,,2.2,Enabled,
Keyword,RankerToolAI - AI Tool Reviews,Writesonic Review,Exact,writesonic pros and cons,,1.8,Enabled,
Keyword,RankerToolAI - AI Tool Reviews,Writesonic Review,Exact,writesonic pricing,,1.6,Enabled,
Keyword,RankerToolAI - AI Tool Reviews,Writesonic Review,Phrase,writesonic review,,1.5,Enabled,
Keyword,RankerToolAI - AI Tool Reviews,Writesonic Review,Phrase,writesonic honest review,,1.8,Enabled,
Keyword,RankerToolAI - AI Tool Reviews,Writesonic Review,Phrase,best writesonic plan,,1.4,Enabled,
Headline 1,RankerToolAI - AI Tool Reviews,Writesonic Review,,Writesonic Review 2026,,,,https://rankertoolai.com/lp/writesonic/
Headline 2,RankerToolAI - AI Tool Reviews,Writesonic Review,,Is Writesonic Worth It? (8.7/1,,,,https://rankertoolai.com/lp/writesonic/
Headline 3,RankerToolAI - AI Tool Reviews,Writesonic Review,,Honest Writesonic Review,,,,https://rankertoolai.com/lp/writesonic/
Headline 4,RankerToolAI - AI Tool Reviews,Writesonic Review,,Writesonic — Expert Score: 8.7,,,,https://rankertoolai.com/lp/writesonic/
Headline 5,RankerToolAI - AI Tool Reviews,Writesonic Review,,We Tested Writesonic for 100hr,,,,https://rankertoolai.com/lp/writesonic/
Headline 6,RankerToolAI - AI Tool Reviews,Writesonic Review,,"Writesonic Pros, Cons & Pricin",,,,https://rankertoolai.com/lp/writesonic/
Headline 7,RankerToolAI - AI Tool Reviews,Writesonic Review,,Unbiased AI Tool Reviews,,,,https://rankertoolai.com/lp/writesonic/
Headline 8,RankerToolAI - AI Tool Reviews,Writesonic Review,,Expert-Tested AI Tools,,,,https://rankertoolai.com/lp/writesonic/
Headline 9,RankerToolAI - AI Tool Reviews,Writesonic Review,,Try Writesonic Risk-Free,,,,https://rankertoolai.com/lp/writesonic/
Headline 10,RankerToolAI - AI Tool Reviews,Writesonic Review,,Writesonic Free Trial Availabl,,,,https://rankertoolai.com/lp/writesonic/
Headline 11,RankerToolAI - AI Tool Reviews,Writesonic Review,,No Affiliate Bias,,,,https://rankertoolai.com/lp/writesonic/
Headline 12,RankerToolAI - AI Tool Reviews,Writesonic Review,,Updated July 2026,,,,https://rankertoolai.com/lp/writesonic/
Headline 13,RankerToolAI - AI Tool Reviews,Writesonic Review,,Is Writesonic Right For You?,,,,https://rankertoolai.com/lp/writesonic/
Headline 14,RankerToolAI - AI Tool Reviews,Writesonic Review,,See Full Writesonic Breakdown,,,,https://rankertoolai.com/lp/writesonic/
Headline 15,RankerToolAI - AI Tool Reviews,Writesonic Review,,Writesonic — Real User Rating,,,,https://rankertoolai.com/lp/writesonic/
Description 1,RankerToolAI - AI Tool Reviews,Writesonic Review,,"We spent 100+ hours testing Writesonic. Score: 8.7/10. See full breakdown of features, pri",,,,
Description 2,RankerToolAI - AI Tool Reviews,Writesonic Review,,"Independent Writesonic review by AI tool experts. No bias. Pros, cons, pricing — everythin",,,,
Description 3,RankerToolAI - AI Tool Reviews,Writesonic Review,,Compare Writesonic with alternatives. Updated weekly. Find the best AI tool for your needs,,,,
Description 4,RankerToolAI - AI Tool Reviews,Writesonic Review,,"Writesonic review: who should use it, how much it costs, and whether it's worth the money ",,,,
Display URL Path 1,RankerToolAI - AI Tool Reviews,Writesonic Review,,Review,,,,
Display URL Path 2,RankerToolAI - AI Tool Reviews,Writesonic Review,,Writesonic,,,,
Ad Group,RankerToolAI - AI Tool Reviews,Midjourney Review,,,,,Enabled,
Keyword,RankerToolAI - AI Tool Reviews,Midjourney Review,Exact,midjourney review,,2.0,Enabled,
Keyword,RankerToolAI - AI Tool Reviews,Midjourney Review,Exact,midjourney reviews 2026,,2.0,Enabled,
Keyword,RankerToolAI - AI Tool Reviews,Midjourney Review,Exact,is midjourney worth it,,2.2,Enabled,
Keyword,RankerToolAI - AI Tool Reviews,Midjourney Review,Exact,midjourney pros and cons,,1.8,Enabled,
Keyword,RankerToolAI - AI Tool Reviews,Midjourney Review,Exact,midjourney pricing,,1.6,Enabled,
Keyword,RankerToolAI - AI Tool Reviews,Midjourney Review,Phrase,midjourney review,,1.5,Enabled,
Keyword,RankerToolAI - AI Tool Reviews,Midjourney Review,Phrase,midjourney honest review,,1.8,Enabled,
Keyword,RankerToolAI - AI Tool Reviews,Midjourney Review,Phrase,best midjourney plan,,1.4,Enabled,
Headline 1,RankerToolAI - AI Tool Reviews,Midjourney Review,,Midjourney Review 2026,,,,https://rankertoolai.com/lp/midjourney/
Headline 2,RankerToolAI - AI Tool Reviews,Midjourney Review,,Is Midjourney Worth It? (9.1/1,,,,https://rankertoolai.com/lp/midjourney/
Headline 3,RankerToolAI - AI Tool Reviews,Midjourney Review,,Honest Midjourney Review,,,,https://rankertoolai.com/lp/midjourney/
Headline 4,RankerToolAI - AI Tool Reviews,Midjourney Review,,Midjourney — Expert Score: 9.1,,,,https://rankertoolai.com/lp/midjourney/
Headline 5,RankerToolAI - AI Tool Reviews,Midjourney Review,,We Tested Midjourney for 100hr,,,,https://rankertoolai.com/lp/midjourney/
Headline 6,RankerToolAI - AI Tool Reviews,Midjourney Review,,"Midjourney Pros, Cons & Pricin",,,,https://rankertoolai.com/lp/midjourney/
Headline 7,RankerToolAI - AI Tool Reviews,Midjourney Review,,Unbiased AI Tool Reviews,,,,https://rankertoolai.com/lp/midjourney/
Headline 8,RankerToolAI - AI Tool Reviews,Midjourney Review,,Expert-Tested AI Tools,,,,https://rankertoolai.com/lp/midjourney/
Headline 9,RankerToolAI - AI Tool Reviews,Midjourney Review,,Try Midjourney Risk-Free,,,,https://rankertoolai.com/lp/midjourney/
Headline 10,RankerToolAI - AI Tool Reviews,Midjourney Review,,Midjourney Free Trial Availabl,,,,https://rankertoolai.com/lp/midjourney/
Headline 11,RankerToolAI - AI Tool Reviews,Midjourney Review,,No Affiliate Bias,,,,https://rankertoolai.com/lp/midjourney/
Headline 12,RankerToolAI - AI Tool Reviews,Midjourney Review,,Updated July 2026,,,,https://rankertoolai.com/lp/midjourney/
Headline 13,RankerToolAI - AI Tool Reviews,Midjourney Review,,Is Midjourney Right For You?,,,,https://rankertoolai.com/lp/midjourney/
Headline 14,RankerToolAI - AI Tool Reviews,Midjourney Review,,See Full Midjourney Breakdown,,,,https://rankertoolai.com/lp/midjourney/
Headline 15,RankerToolAI - AI Tool Reviews,Midjourney Review,,Midjourney — Real User Rating,,,,https://rankertoolai.com/lp/midjourney/
Description 1,RankerToolAI - AI Tool Reviews,Midjourney Review,,"We spent 100+ hours testing Midjourney. Score: 9.1/10. See full breakdown of features, pri",,,,
Description 2,RankerToolAI - AI Tool Reviews,Midjourney Review,,"Independent Midjourney review by AI tool experts. No bias. Pros, cons, pricing — everythin",,,,
Description 3,RankerToolAI - AI Tool Reviews,Midjourney Review,,Compare Midjourney with alternatives. Updated weekly. Find the best AI tool for your needs,,,,
Description 4,RankerToolAI - AI Tool Reviews,Midjourney Review,,"Midjourney review: who should use it, how much it costs, and whether it's worth the money ",,,,
Display URL Path 1,RankerToolAI - AI Tool Reviews,Midjourney Review,,Review,,,,
Display URL Path 2,RankerToolAI - AI Tool Reviews,Midjourney Review,,Midjourney,,,,
Ad Group,RankerToolAI - AI Tool Reviews,ChatGPT Review,,,,,Enabled,
Keyword,RankerToolAI - AI Tool Reviews,ChatGPT Review,Exact,chatgpt review,,2.0,Enabled,
Keyword,RankerToolAI - AI Tool Reviews,ChatGPT Review,Exact,chatgpt reviews 2026,,2.0,Enabled,
Keyword,RankerToolAI - AI Tool Reviews,ChatGPT Review,Exact,is chatgpt worth it,,2.2,Enabled,
Keyword,RankerToolAI - AI Tool Reviews,ChatGPT Review,Exact,chatgpt pros and cons,,1.8,Enabled,
Keyword,RankerToolAI - AI Tool Reviews,ChatGPT Review,Exact,chatgpt pricing,,1.6,Enabled,
Keyword,RankerToolAI - AI Tool Reviews,ChatGPT Review,Phrase,chatgpt review,,1.5,Enabled,
Keyword,RankerToolAI - AI Tool Reviews,ChatGPT Review,Phrase,chatgpt honest review,,1.8,Enabled,
Keyword,RankerToolAI - AI Tool Reviews,ChatGPT Review,Phrase,best chatgpt plan,,1.4,Enabled,
Headline 1,RankerToolAI - AI Tool Reviews,ChatGPT Review,,ChatGPT Review 2026,,,,https://rankertoolai.com/lp/chatgpt/
Headline 2,RankerToolAI - AI Tool Reviews,ChatGPT Review,,Is ChatGPT Worth It? (8.8/10),,,,https://rankertoolai.com/lp/chatgpt/
Headline 3,RankerToolAI - AI Tool Reviews,ChatGPT Review,,Honest ChatGPT Review,,,,https://rankertoolai.com/lp/chatgpt/
Headline 4,RankerToolAI - AI Tool Reviews,ChatGPT Review,,ChatGPT — Expert Score: 8.8/10,,,,https://rankertoolai.com/lp/chatgpt/
Headline 5,RankerToolAI - AI Tool Reviews,ChatGPT Review,,We Tested ChatGPT for 100hrs,,,,https://rankertoolai.com/lp/chatgpt/
Headline 6,RankerToolAI - AI Tool Reviews,ChatGPT Review,,"ChatGPT Pros, Cons & Pricing",,,,https://rankertoolai.com/lp/chatgpt/
Headline 7,RankerToolAI - AI Tool Reviews,ChatGPT Review,,Unbiased AI Tool Reviews,,,,https://rankertoolai.com/lp/chatgpt/
Headline 8,RankerToolAI - AI Tool Reviews,ChatGPT Review,,Expert-Tested AI Tools,,,,https://rankertoolai.com/lp/chatgpt/
Headline 9,RankerToolAI - AI Tool Reviews,ChatGPT Review,,Try ChatGPT Risk-Free,,,,https://rankertoolai.com/lp/chatgpt/
Headline 10,RankerToolAI - AI Tool Reviews,ChatGPT Review,,ChatGPT Free Trial Available,,,,https://rankertoolai.com/lp/chatgpt/
Headline 11,RankerToolAI - AI Tool Reviews,ChatGPT Review,,No Affiliate Bias,,,,https://rankertoolai.com/lp/chatgpt/
Headline 12,RankerToolAI - AI Tool Reviews,ChatGPT Review,,Updated July 2026,,,,https://rankertoolai.com/lp/chatgpt/
Headline 13,RankerToolAI - AI Tool Reviews,ChatGPT Review,,Is ChatGPT Right For You?,,,,https://rankertoolai.com/lp/chatgpt/
Headline 14,RankerToolAI - AI Tool Reviews,ChatGPT Review,,See Full ChatGPT Breakdown,,,,https://rankertoolai.com/lp/chatgpt/
Headline 15,RankerToolAI - AI Tool Reviews,ChatGPT Review,,ChatGPT — Real User Rating,,,,https://rankertoolai.com/lp/chatgpt/
Description 1,RankerToolAI - AI Tool Reviews,ChatGPT Review,,"We spent 100+ hours testing ChatGPT. Score: 8.8/10. See full breakdown of features, pricin",,,,
Description 2,RankerToolAI - AI Tool Reviews,ChatGPT Review,,"Independent ChatGPT review by AI tool experts. No bias. Pros, cons, pricing — everything y",,,,
Description 3,RankerToolAI - AI Tool Reviews,ChatGPT Review,,Compare ChatGPT with alternatives. Updated weekly. Find the best AI tool for your needs at,,,,
Description 4,RankerToolAI - AI Tool Reviews,ChatGPT Review,,"ChatGPT review: who should use it, how much it costs, and whether it's worth the money in ",,,,
Display URL Path 1,RankerToolAI - AI Tool Reviews,ChatGPT Review,,Review,,,,
Display URL Path 2,RankerToolAI - AI Tool Reviews,ChatGPT Review,,ChatGPT,,,,
Ad Group,RankerToolAI - AI Tool Reviews,Cursor Review,,,,,Enabled,
Keyword,RankerToolAI - AI Tool Reviews,Cursor Review,Exact,cursor review,,2.0,Enabled,
Keyword,RankerToolAI - AI Tool Reviews,Cursor Review,Exact,cursor reviews 2026,,2.0,Enabled,
Keyword,RankerToolAI - AI Tool Reviews,Cursor Review,Exact,is cursor worth it,,2.2,Enabled,
Keyword,RankerToolAI - AI Tool Reviews,Cursor Review,Exact,cursor pros and cons,,1.8,Enabled,
Keyword,RankerToolAI - AI Tool Reviews,Cursor Review,Exact,cursor pricing,,1.6,Enabled,
Keyword,RankerToolAI - AI Tool Reviews,Cursor Review,Phrase,cursor review,,1.5,Enabled,
Keyword,RankerToolAI - AI Tool Reviews,Cursor Review,Phrase,cursor honest review,,1.8,Enabled,
Keyword,RankerToolAI - AI Tool Reviews,Cursor Review,Phrase,best cursor plan,,1.4,Enabled,
Headline 1,RankerToolAI - AI Tool Reviews,Cursor Review,,Cursor Review 2026,,,,https://rankertoolai.com/lp/cursor/
Headline 2,RankerToolAI - AI Tool Reviews,Cursor Review,,Is Cursor Worth It? (9.2/10),,,,https://rankertoolai.com/lp/cursor/
Headline 3,RankerToolAI - AI Tool Reviews,Cursor Review,,Honest Cursor Review,,,,https://rankertoolai.com/lp/cursor/
Headline 4,RankerToolAI - AI Tool Reviews,Cursor Review,,Cursor — Expert Score: 9.2/10,,,,https://rankertoolai.com/lp/cursor/
Headline 5,RankerToolAI - AI Tool Reviews,Cursor Review,,We Tested Cursor for 100hrs,,,,https://rankertoolai.com/lp/cursor/
Headline 6,RankerToolAI - AI Tool Reviews,Cursor Review,,"Cursor Pros, Cons & Pricing",,,,https://rankertoolai.com/lp/cursor/
Headline 7,RankerToolAI - AI Tool Reviews,Cursor Review,,Unbiased AI Tool Reviews,,,,https://rankertoolai.com/lp/cursor/
Headline 8,RankerToolAI - AI Tool Reviews,Cursor Review,,Expert-Tested AI Tools,,,,https://rankertoolai.com/lp/cursor/
Headline 9,RankerToolAI - AI Tool Reviews,Cursor Review,,Try Cursor Risk-Free,,,,https://rankertoolai.com/lp/cursor/
Headline 10,RankerToolAI - AI Tool Reviews,Cursor Review,,Cursor Free Trial Available,,,,https://rankertoolai.com/lp/cursor/
Headline 11,RankerToolAI - AI Tool Reviews,Cursor Review,,No Affiliate Bias,,,,https://rankertoolai.com/lp/cursor/
Headline 12,RankerToolAI - AI Tool Reviews,Cursor Review,,Updated July 2026,,,,https://rankertoolai.com/lp/cursor/
Headline 13,RankerToolAI - AI Tool Reviews,Cursor Review,,Is Cursor Right For You?,,,,https://rankertoolai.com/lp/cursor/
Headline 14,RankerToolAI - AI Tool Reviews,Cursor Review,,See Full Cursor Breakdown,,,,https://rankertoolai.com/lp/cursor/
Headline 15,RankerToolAI - AI Tool Reviews,Cursor Review,,Cursor — Real User Rating,,,,https://rankertoolai.com/lp/cursor/
Description 1,RankerToolAI - AI Tool Reviews,Cursor Review,,"We spent 100+ hours testing Cursor. Score: 9.2/10. See full breakdown of features, pricing",,,,
Description 2,RankerToolAI - AI Tool Reviews,Cursor Review,,"Independent Cursor review by AI tool experts. No bias. Pros, cons, pricing — everything yo",,,,
Description 3,RankerToolAI - AI Tool Reviews,Cursor Review,,Compare Cursor with alternatives. Updated weekly. Find the best AI tool for your needs at ,,,,
Description 4,RankerToolAI - AI Tool Reviews,Cursor Review,,"Cursor review: who should use it, how much it costs, and whether it's worth the money in 2",,,,
Display URL Path 1,RankerToolAI - AI Tool Reviews,Cursor Review,,Review,,,,
Display URL Path 2,RankerToolAI - AI Tool Reviews,Cursor Review,,Cursor,,,,
Campaign,RankerToolAI - AI Tool Comparisons,,,,,,Enabled,
Campaign Budget,RankerToolAI - AI Tool Comparisons,,,Daily Budget,6.0,,,
Ad Group,RankerToolAI - AI Tool Comparisons,ChatGPT vs Claude,,,,,Enabled,
Keyword,RankerToolAI - AI Tool Comparisons,ChatGPT vs Claude,Exact,chatgpt vs claude,,2.5,Enabled,
Keyword,RankerToolAI - AI Tool Comparisons,ChatGPT vs Claude,Exact,claude vs chatgpt,,2.5,Enabled,
Keyword,RankerToolAI - AI Tool Comparisons,ChatGPT vs Claude,Exact,chatgpt or claude,,2.0,Enabled,
Keyword,RankerToolAI - AI Tool Comparisons,ChatGPT vs Claude,Phrase,chatgpt vs claude comparison,,2.0,Enabled,
Keyword,RankerToolAI - AI Tool Comparisons,ChatGPT vs Claude,Phrase,difference between chatgpt and claude,,1.8,Enabled,
Headline 1,RankerToolAI - AI Tool Comparisons,ChatGPT vs Claude,,ChatGPT vs Claude — 2026,,,,https://rankertoolai.com/compare/chatgpt-vs-claude/
Headline 2,RankerToolAI - AI Tool Comparisons,ChatGPT vs Claude,,Which Is Better: ChatGPT or Cl,,,,https://rankertoolai.com/compare/chatgpt-vs-claude/
Headline 3,RankerToolAI - AI Tool Comparisons,ChatGPT vs Claude,,ChatGPT vs Claude Compared,,,,https://rankertoolai.com/compare/chatgpt-vs-claude/
Headline 4,RankerToolAI - AI Tool Comparisons,ChatGPT vs Claude,,See Head-to-Head Comparison,,,,https://rankertoolai.com/compare/chatgpt-vs-claude/
Headline 5,RankerToolAI - AI Tool Comparisons,ChatGPT vs Claude,,Which AI Tool Wins in 2026?,,,,https://rankertoolai.com/compare/chatgpt-vs-claude/
Headline 6,RankerToolAI - AI Tool Comparisons,ChatGPT vs Claude,,Expert Side-by-Side Comparison,,,,https://rankertoolai.com/compare/chatgpt-vs-claude/
Headline 7,RankerToolAI - AI Tool Comparisons,ChatGPT vs Claude,,ChatGPT vs Claude — Pricing & ,,,,https://rankertoolai.com/compare/chatgpt-vs-claude/
Headline 8,RankerToolAI - AI Tool Comparisons,ChatGPT vs Claude,,Unbiased Head-to-Head Test,,,,https://rankertoolai.com/compare/chatgpt-vs-claude/
Headline 9,RankerToolAI - AI Tool Comparisons,ChatGPT vs Claude,,We Tested Both ChatGPT & Claud,,,,https://rankertoolai.com/compare/chatgpt-vs-claude/
Headline 10,RankerToolAI - AI Tool Comparisons,ChatGPT vs Claude,,Find the Better AI Tool,,,,https://rankertoolai.com/compare/chatgpt-vs-claude/
Headline 11,RankerToolAI - AI Tool Comparisons,ChatGPT vs Claude,,Compare Features & Pricing,,,,https://rankertoolai.com/compare/chatgpt-vs-claude/
Headline 12,RankerToolAI - AI Tool Comparisons,ChatGPT vs Claude,,Updated July 2026,,,,https://rankertoolai.com/compare/chatgpt-vs-claude/
Headline 13,RankerToolAI - AI Tool Comparisons,ChatGPT vs Claude,,ChatGPT or Claude? Find Out No,,,,https://rankertoolai.com/compare/chatgpt-vs-claude/
Headline 14,RankerToolAI - AI Tool Comparisons,ChatGPT vs Claude,,Side-by-Side: ChatGPT vs Claud,,,,https://rankertoolai.com/compare/chatgpt-vs-claude/
Headline 15,RankerToolAI - AI Tool Comparisons,ChatGPT vs Claude,,Free Comparison Report,,,,https://rankertoolai.com/compare/chatgpt-vs-claude/
Description 1,RankerToolAI - AI Tool Comparisons,ChatGPT vs Claude,,"We tested ChatGPT and Claude head-to-head. See full feature comparison, pricing breakdown,",,,,
Description 2,RankerToolAI - AI Tool Comparisons,ChatGPT vs Claude,,"ChatGPT vs Claude: which AI tool performs better? Honest comparison with scores, pros, con",,,,
Description 3,RankerToolAI - AI Tool Comparisons,ChatGPT vs Claude,,Can't decide between ChatGPT and Claude? Our side-by-side comparison shows exactly which o,,,,
Description 4,RankerToolAI - AI Tool Comparisons,ChatGPT vs Claude,,"Expert comparison: ChatGPT vs Claude. See speed, accuracy, pricing, and which one wins for",,,,
Display URL Path 1,RankerToolAI - AI Tool Comparisons,ChatGPT vs Claude,,Compare,,,,
Display URL Path 2,RankerToolAI - AI Tool Comparisons,ChatGPT vs Claude,,ChatGPT-vs-Claude,,,,
Ad Group,RankerToolAI - AI Tool Comparisons,ChatGPT vs Gemini,,,,,Enabled,
Keyword,RankerToolAI - AI Tool Comparisons,ChatGPT vs Gemini,Exact,chatgpt vs gemini,,2.5,Enabled,
Keyword,RankerToolAI - AI Tool Comparisons,ChatGPT vs Gemini,Exact,gemini vs chatgpt,,2.5,Enabled,
Keyword,RankerToolAI - AI Tool Comparisons,ChatGPT vs Gemini,Exact,chatgpt or gemini,,2.0,Enabled,
Keyword,RankerToolAI - AI Tool Comparisons,ChatGPT vs Gemini,Phrase,chatgpt vs gemini comparison,,2.0,Enabled,
Keyword,RankerToolAI - AI Tool Comparisons,ChatGPT vs Gemini,Phrase,difference between chatgpt and gemini,,1.8,Enabled,
Headline 1,RankerToolAI - AI Tool Comparisons,ChatGPT vs Gemini,,ChatGPT vs Gemini — 2026,,,,https://rankertoolai.com/compare/chatgpt-vs-gemini/
Headline 2,RankerToolAI - AI Tool Comparisons,ChatGPT vs Gemini,,Which Is Better: ChatGPT or Ge,,,,https://rankertoolai.com/compare/chatgpt-vs-gemini/
Headline 3,RankerToolAI - AI Tool Comparisons,ChatGPT vs Gemini,,ChatGPT vs Gemini Compared,,,,https://rankertoolai.com/compare/chatgpt-vs-gemini/
Headline 4,RankerToolAI - AI Tool Comparisons,ChatGPT vs Gemini,,See Head-to-Head Comparison,,,,https://rankertoolai.com/compare/chatgpt-vs-gemini/
Headline 5,RankerToolAI - AI Tool Comparisons,ChatGPT vs Gemini,,Which AI Tool Wins in 2026?,,,,https://rankertoolai.com/compare/chatgpt-vs-gemini/
Headline 6,RankerToolAI - AI Tool Comparisons,ChatGPT vs Gemini,,Expert Side-by-Side Comparison,,,,https://rankertoolai.com/compare/chatgpt-vs-gemini/
Headline 7,RankerToolAI - AI Tool Comparisons,ChatGPT vs Gemini,,ChatGPT vs Gemini — Pricing & ,,,,https://rankertoolai.com/compare/chatgpt-vs-gemini/
Headline 8,RankerToolAI - AI Tool Comparisons,ChatGPT vs Gemini,,Unbiased Head-to-Head Test,,,,https://rankertoolai.com/compare/chatgpt-vs-gemini/
Headline 9,RankerToolAI - AI Tool Comparisons,ChatGPT vs Gemini,,We Tested Both ChatGPT & Gemin,,,,https://rankertoolai.com/compare/chatgpt-vs-gemini/
Headline 10,RankerToolAI - AI Tool Comparisons,ChatGPT vs Gemini,,Find the Better AI Tool,,,,https://rankertoolai.com/compare/chatgpt-vs-gemini/
Headline 11,RankerToolAI - AI Tool Comparisons,ChatGPT vs Gemini,,Compare Features & Pricing,,,,https://rankertoolai.com/compare/chatgpt-vs-gemini/
Headline 12,RankerToolAI - AI Tool Comparisons,ChatGPT vs Gemini,,Updated July 2026,,,,https://rankertoolai.com/compare/chatgpt-vs-gemini/
Headline 13,RankerToolAI - AI Tool Comparisons,ChatGPT vs Gemini,,ChatGPT or Gemini? Find Out No,,,,https://rankertoolai.com/compare/chatgpt-vs-gemini/
Headline 14,RankerToolAI - AI Tool Comparisons,ChatGPT vs Gemini,,Side-by-Side: ChatGPT vs Gemin,,,,https://rankertoolai.com/compare/chatgpt-vs-gemini/
Headline 15,RankerToolAI - AI Tool Comparisons,ChatGPT vs Gemini,,Free Comparison Report,,,,https://rankertoolai.com/compare/chatgpt-vs-gemini/
Description 1,RankerToolAI - AI Tool Comparisons,ChatGPT vs Gemini,,"We tested ChatGPT and Gemini head-to-head. See full feature comparison, pricing breakdown,",,,,
Description 2,RankerToolAI - AI Tool Comparisons,ChatGPT vs Gemini,,"ChatGPT vs Gemini: which AI tool performs better? Honest comparison with scores, pros, con",,,,
Description 3,RankerToolAI - AI Tool Comparisons,ChatGPT vs Gemini,,Can't decide between ChatGPT and Gemini? Our side-by-side comparison shows exactly which o,,,,
Description 4,RankerToolAI - AI Tool Comparisons,ChatGPT vs Gemini,,"Expert comparison: ChatGPT vs Gemini. See speed, accuracy, pricing, and which one wins for",,,,
Display URL Path 1,RankerToolAI - AI Tool Comparisons,ChatGPT vs Gemini,,Compare,,,,
Display URL Path 2,RankerToolAI - AI Tool Comparisons,ChatGPT vs Gemini,,ChatGPT-vs-Gemini,,,,
Ad Group,RankerToolAI - AI Tool Comparisons,Claude vs Gemini,,,,,Enabled,
Keyword,RankerToolAI - AI Tool Comparisons,Claude vs Gemini,Exact,claude vs gemini,,2.5,Enabled,
Keyword,RankerToolAI - AI Tool Comparisons,Claude vs Gemini,Exact,gemini vs claude,,2.5,Enabled,
Keyword,RankerToolAI - AI Tool Comparisons,Claude vs Gemini,Exact,claude or gemini,,2.0,Enabled,
Keyword,RankerToolAI - AI Tool Comparisons,Claude vs Gemini,Phrase,claude vs gemini comparison,,2.0,Enabled,
Keyword,RankerToolAI - AI Tool Comparisons,Claude vs Gemini,Phrase,difference between claude and gemini,,1.8,Enabled,
Headline 1,RankerToolAI - AI Tool Comparisons,Claude vs Gemini,,Claude vs Gemini — 2026,,,,https://rankertoolai.com/compare/claude-vs-gemini/
Headline 2,RankerToolAI - AI Tool Comparisons,Claude vs Gemini,,Which Is Better: Claude or Gem,,,,https://rankertoolai.com/compare/claude-vs-gemini/
Headline 3,RankerToolAI - AI Tool Comparisons,Claude vs Gemini,,Claude vs Gemini Compared,,,,https://rankertoolai.com/compare/claude-vs-gemini/
Headline 4,RankerToolAI - AI Tool Comparisons,Claude vs Gemini,,See Head-to-Head Comparison,,,,https://rankertoolai.com/compare/claude-vs-gemini/
Headline 5,RankerToolAI - AI Tool Comparisons,Claude vs Gemini,,Which AI Tool Wins in 2026?,,,,https://rankertoolai.com/compare/claude-vs-gemini/
Headline 6,RankerToolAI - AI Tool Comparisons,Claude vs Gemini,,Expert Side-by-Side Comparison,,,,https://rankertoolai.com/compare/claude-vs-gemini/
Headline 7,RankerToolAI - AI Tool Comparisons,Claude vs Gemini,,Claude vs Gemini — Pricing & F,,,,https://rankertoolai.com/compare/claude-vs-gemini/
Headline 8,RankerToolAI - AI Tool Comparisons,Claude vs Gemini,,Unbiased Head-to-Head Test,,,,https://rankertoolai.com/compare/claude-vs-gemini/
Headline 9,RankerToolAI - AI Tool Comparisons,Claude vs Gemini,,We Tested Both Claude & Gemini,,,,https://rankertoolai.com/compare/claude-vs-gemini/
Headline 10,RankerToolAI - AI Tool Comparisons,Claude vs Gemini,,Find the Better AI Tool,,,,https://rankertoolai.com/compare/claude-vs-gemini/
Headline 11,RankerToolAI - AI Tool Comparisons,Claude vs Gemini,,Compare Features & Pricing,,,,https://rankertoolai.com/compare/claude-vs-gemini/
Headline 12,RankerToolAI - AI Tool Comparisons,Claude vs Gemini,,Updated July 2026,,,,https://rankertoolai.com/compare/claude-vs-gemini/
Headline 13,RankerToolAI - AI Tool Comparisons,Claude vs Gemini,,Claude or Gemini? Find Out Now,,,,https://rankertoolai.com/compare/claude-vs-gemini/
Headline 14,RankerToolAI - AI Tool Comparisons,Claude vs Gemini,,Side-by-Side: Claude vs Gemini,,,,https://rankertoolai.com/compare/claude-vs-gemini/
Headline 15,RankerToolAI - AI Tool Comparisons,Claude vs Gemini,,Free Comparison Report,,,,https://rankertoolai.com/compare/claude-vs-gemini/
Description 1,RankerToolAI - AI Tool Comparisons,Claude vs Gemini,,"We tested Claude and Gemini head-to-head. See full feature comparison, pricing breakdown, ",,,,
Description 2,RankerToolAI - AI Tool Comparisons,Claude vs Gemini,,"Claude vs Gemini: which AI tool performs better? Honest comparison with scores, pros, cons",,,,
Description 3,RankerToolAI - AI Tool Comparisons,Claude vs Gemini,,Can't decide between Claude and Gemini? Our side-by-side comparison shows exactly which on,,,,
Description 4,RankerToolAI - AI Tool Comparisons,Claude vs Gemini,,"Expert comparison: Claude vs Gemini. See speed, accuracy, pricing, and which one wins for ",,,,
Display URL Path 1,RankerToolAI - AI Tool Comparisons,Claude vs Gemini,,Compare,,,,
Display URL Path 2,RankerToolAI - AI Tool Comparisons,Claude vs Gemini,,Claude-vs-Gemini,,,,
Ad Group,RankerToolAI - AI Tool Comparisons,Cursor vs GitHub Copilot,,,,,Enabled,
Keyword,RankerToolAI - AI Tool Comparisons,Cursor vs GitHub Copilot,Exact,cursor vs github copilot,,2.5,Enabled,
Keyword,RankerToolAI - AI Tool Comparisons,Cursor vs GitHub Copilot,Exact,github copilot vs cursor,,2.5,Enabled,
Keyword,RankerToolAI - AI Tool Comparisons,Cursor vs GitHub Copilot,Exact,cursor or github copilot,,2.0,Enabled,
Keyword,RankerToolAI - AI Tool Comparisons,Cursor vs GitHub Copilot,Phrase,cursor vs github copilot comparison,,2.0,Enabled,
Keyword,RankerToolAI - AI Tool Comparisons,Cursor vs GitHub Copilot,Phrase,difference between cursor and github copilot,,1.8,Enabled,
Headline 1,RankerToolAI - AI Tool Comparisons,Cursor vs GitHub Copilot,,Cursor vs GitHub Copilot — 202,,,,https://rankertoolai.com/compare/cursor-vs-github-copilot/
Headline 2,RankerToolAI - AI Tool Comparisons,Cursor vs GitHub Copilot,,Which Is Better: Cursor or Git,,,,https://rankertoolai.com/compare/cursor-vs-github-copilot/
Headline 3,RankerToolAI - AI Tool Comparisons,Cursor vs GitHub Copilot,,Cursor vs GitHub Copilot Compa,,,,https://rankertoolai.com/compare/cursor-vs-github-copilot/
Headline 4,RankerToolAI - AI Tool Comparisons,Cursor vs GitHub Copilot,,See Head-to-Head Comparison,,,,https://rankertoolai.com/compare/cursor-vs-github-copilot/
Headline 5,RankerToolAI - AI Tool Comparisons,Cursor vs GitHub Copilot,,Which AI Tool Wins in 2026?,,,,https://rankertoolai.com/compare/cursor-vs-github-copilot/
Headline 6,RankerToolAI - AI Tool Comparisons,Cursor vs GitHub Copilot,,Expert Side-by-Side Comparison,,,,https://rankertoolai.com/compare/cursor-vs-github-copilot/
Headline 7,RankerToolAI - AI Tool Comparisons,Cursor vs GitHub Copilot,,Cursor vs GitHub Copilot — Pri,,,,https://rankertoolai.com/compare/cursor-vs-github-copilot/
Headline 8,RankerToolAI - AI Tool Comparisons,Cursor vs GitHub Copilot,,Unbiased Head-to-Head Test,,,,https://rankertoolai.com/compare/cursor-vs-github-copilot/
Headline 9,RankerToolAI - AI Tool Comparisons,Cursor vs GitHub Copilot,,We Tested Both Cursor & GitHub,,,,https://rankertoolai.com/compare/cursor-vs-github-copilot/
Headline 10,RankerToolAI - AI Tool Comparisons,Cursor vs GitHub Copilot,,Find the Better AI Tool,,,,https://rankertoolai.com/compare/cursor-vs-github-copilot/
Headline 11,RankerToolAI - AI Tool Comparisons,Cursor vs GitHub Copilot,,Compare Features & Pricing,,,,https://rankertoolai.com/compare/cursor-vs-github-copilot/
Headline 12,RankerToolAI - AI Tool Comparisons,Cursor vs GitHub Copilot,,Updated July 2026,,,,https://rankertoolai.com/compare/cursor-vs-github-copilot/
Headline 13,RankerToolAI - AI Tool Comparisons,Cursor vs GitHub Copilot,,Cursor or GitHub Copilot? Find,,,,https://rankertoolai.com/compare/cursor-vs-github-copilot/
Headline 14,RankerToolAI - AI Tool Comparisons,Cursor vs GitHub Copilot,,Side-by-Side: Cursor vs GitHub,,,,https://rankertoolai.com/compare/cursor-vs-github-copilot/
Headline 15,RankerToolAI - AI Tool Comparisons,Cursor vs GitHub Copilot,,Free Comparison Report,,,,https://rankertoolai.com/compare/cursor-vs-github-copilot/
Description 1,RankerToolAI - AI Tool Comparisons,Cursor vs GitHub Copilot,,"We tested Cursor and GitHub Copilot head-to-head. See full feature comparison, pricing bre",,,,
Description 2,RankerToolAI - AI Tool Comparisons,Cursor vs GitHub Copilot,,"Cursor vs GitHub Copilot: which AI tool performs better? Honest comparison with scores, pr",,,,
Description 3,RankerToolAI - AI Tool Comparisons,Cursor vs GitHub Copilot,,Can't decide between Cursor and GitHub Copilot? Our side-by-side comparison shows exactly ,,,,
Description 4,RankerToolAI - AI Tool Comparisons,Cursor vs GitHub Copilot,,"Expert comparison: Cursor vs GitHub Copilot. See speed, accuracy, pricing, and which one w",,,,
Display URL Path 1,RankerToolAI - AI Tool Comparisons,Cursor vs GitHub Copilot,,Compare,,,,
Display URL Path 2,RankerToolAI - AI Tool Comparisons,Cursor vs GitHub Copilot,,Cursor-vs-GitHub ,,,,
Ad Group,RankerToolAI - AI Tool Comparisons,Cursor vs Windsurf,,,,,Enabled,
Keyword,RankerToolAI - AI Tool Comparisons,Cursor vs Windsurf,Exact,cursor vs windsurf,,2.5,Enabled,
Keyword,RankerToolAI - AI Tool Comparisons,Cursor vs Windsurf,Exact,windsurf vs cursor,,2.5,Enabled,
Keyword,RankerToolAI - AI Tool Comparisons,Cursor vs Windsurf,Exact,cursor or windsurf,,2.0,Enabled,
Keyword,RankerToolAI - AI Tool Comparisons,Cursor vs Windsurf,Phrase,cursor vs windsurf comparison,,2.0,Enabled,
Keyword,RankerToolAI - AI Tool Comparisons,Cursor vs Windsurf,Phrase,difference between cursor and windsurf,,1.8,Enabled,
Headline 1,RankerToolAI - AI Tool Comparisons,Cursor vs Windsurf,,Cursor vs Windsurf — 2026,,,,https://rankertoolai.com/compare/cursor-vs-windsurf/
Headline 2,RankerToolAI - AI Tool Comparisons,Cursor vs Windsurf,,Which Is Better: Cursor or Win,,,,https://rankertoolai.com/compare/cursor-vs-windsurf/
Headline 3,RankerToolAI - AI Tool Comparisons,Cursor vs Windsurf,,Cursor vs Windsurf Compared,,,,https://rankertoolai.com/compare/cursor-vs-windsurf/
Headline 4,RankerToolAI - AI Tool Comparisons,Cursor vs Windsurf,,See Head-to-Head Comparison,,,,https://rankertoolai.com/compare/cursor-vs-windsurf/
Headline 5,RankerToolAI - AI Tool Comparisons,Cursor vs Windsurf,,Which AI Tool Wins in 2026?,,,,https://rankertoolai.com/compare/cursor-vs-windsurf/
Headline 6,RankerToolAI - AI Tool Comparisons,Cursor vs Windsurf,,Expert Side-by-Side Comparison,,,,https://rankertoolai.com/compare/cursor-vs-windsurf/
Headline 7,RankerToolAI - AI Tool Comparisons,Cursor vs Windsurf,,Cursor vs Windsurf — Pricing &,,,,https://rankertoolai.com/compare/cursor-vs-windsurf/
Headline 8,RankerToolAI - AI Tool Comparisons,Cursor vs Windsurf,,Unbiased Head-to-Head Test,,,,https://rankertoolai.com/compare/cursor-vs-windsurf/
Headline 9,RankerToolAI - AI Tool Comparisons,Cursor vs Windsurf,,We Tested Both Cursor & Windsu,,,,https://rankertoolai.com/compare/cursor-vs-windsurf/
Headline 10,RankerToolAI - AI Tool Comparisons,Cursor vs Windsurf,,Find the Better AI Tool,,,,https://rankertoolai.com/compare/cursor-vs-windsurf/
Headline 11,RankerToolAI - AI Tool Comparisons,Cursor vs Windsurf,,Compare Features & Pricing,,,,https://rankertoolai.com/compare/cursor-vs-windsurf/
Headline 12,RankerToolAI - AI Tool Comparisons,Cursor vs Windsurf,,Updated July 2026,,,,https://rankertoolai.com/compare/cursor-vs-windsurf/
Headline 13,RankerToolAI - AI Tool Comparisons,Cursor vs Windsurf,,Cursor or Windsurf? Find Out N,,,,https://rankertoolai.com/compare/cursor-vs-windsurf/
Headline 14,RankerToolAI - AI Tool Comparisons,Cursor vs Windsurf,,Side-by-Side: Cursor vs Windsu,,,,https://rankertoolai.com/compare/cursor-vs-windsurf/
Headline 15,RankerToolAI - AI Tool Comparisons,Cursor vs Windsurf,,Free Comparison Report,,,,https://rankertoolai.com/compare/cursor-vs-windsurf/
Description 1,RankerToolAI - AI Tool Comparisons,Cursor vs Windsurf,,"We tested Cursor and Windsurf head-to-head. See full feature comparison, pricing breakdown",,,,
Description 2,RankerToolAI - AI Tool Comparisons,Cursor vs Windsurf,,"Cursor vs Windsurf: which AI tool performs better? Honest comparison with scores, pros, co",,,,
Description 3,RankerToolAI - AI Tool Comparisons,Cursor vs Windsurf,,Can't decide between Cursor and Windsurf? Our side-by-side comparison shows exactly which ,,,,
Description 4,RankerToolAI - AI Tool Comparisons,Cursor vs Windsurf,,"Expert comparison: Cursor vs Windsurf. See speed, accuracy, pricing, and which one wins fo",,,,
Display URL Path 1,RankerToolAI - AI Tool Comparisons,Cursor vs Windsurf,,Compare,,,,
Display URL Path 2,RankerToolAI - AI Tool Comparisons,Cursor vs Windsurf,,Cursor-vs-Windsur,,,,
Ad Group,RankerToolAI - AI Tool Comparisons,Jasper AI vs Writesonic,,,,,Enabled,
Keyword,RankerToolAI - AI Tool Comparisons,Jasper AI vs Writesonic,Exact,jasper ai vs writesonic,,2.5,Enabled,
Keyword,RankerToolAI - AI Tool Comparisons,Jasper AI vs Writesonic,Exact,writesonic vs jasper ai,,2.5,Enabled,
Keyword,RankerToolAI - AI Tool Comparisons,Jasper AI vs Writesonic,Exact,jasper ai or writesonic,,2.0,Enabled,
Keyword,RankerToolAI - AI Tool Comparisons,Jasper AI vs Writesonic,Phrase,jasper ai vs writesonic comparison,,2.0,Enabled,
Keyword,RankerToolAI - AI Tool Comparisons,Jasper AI vs Writesonic,Phrase,difference between jasper ai and writesonic,,1.8,Enabled,
Headline 1,RankerToolAI - AI Tool Comparisons,Jasper AI vs Writesonic,,Jasper AI vs Writesonic — 2026,,,,https://rankertoolai.com/compare/jasper-vs-writesonic/
Headline 2,RankerToolAI - AI Tool Comparisons,Jasper AI vs Writesonic,,Which Is Better: Jasper AI or ,,,,https://rankertoolai.com/compare/jasper-vs-writesonic/
Headline 3,RankerToolAI - AI Tool Comparisons,Jasper AI vs Writesonic,,Jasper AI vs Writesonic Compar,,,,https://rankertoolai.com/compare/jasper-vs-writesonic/
Headline 4,RankerToolAI - AI Tool Comparisons,Jasper AI vs Writesonic,,See Head-to-Head Comparison,,,,https://rankertoolai.com/compare/jasper-vs-writesonic/
Headline 5,RankerToolAI - AI Tool Comparisons,Jasper AI vs Writesonic,,Which AI Tool Wins in 2026?,,,,https://rankertoolai.com/compare/jasper-vs-writesonic/
Headline 6,RankerToolAI - AI Tool Comparisons,Jasper AI vs Writesonic,,Expert Side-by-Side Comparison,,,,https://rankertoolai.com/compare/jasper-vs-writesonic/
Headline 7,RankerToolAI - AI Tool Comparisons,Jasper AI vs Writesonic,,Jasper AI vs Writesonic — Pric,,,,https://rankertoolai.com/compare/jasper-vs-writesonic/
Headline 8,RankerToolAI - AI Tool Comparisons,Jasper AI vs Writesonic,,Unbiased Head-to-Head Test,,,,https://rankertoolai.com/compare/jasper-vs-writesonic/
Headline 9,RankerToolAI - AI Tool Comparisons,Jasper AI vs Writesonic,,We Tested Both Jasper AI & Wri,,,,https://rankertoolai.com/compare/jasper-vs-writesonic/
Headline 10,RankerToolAI - AI Tool Comparisons,Jasper AI vs Writesonic,,Find the Better AI Tool,,,,https://rankertoolai.com/compare/jasper-vs-writesonic/
Headline 11,RankerToolAI - AI Tool Comparisons,Jasper AI vs Writesonic,,Compare Features & Pricing,,,,https://rankertoolai.com/compare/jasper-vs-writesonic/
Headline 12,RankerToolAI - AI Tool Comparisons,Jasper AI vs Writesonic,,Updated July 2026,,,,https://rankertoolai.com/compare/jasper-vs-writesonic/
Headline 13,RankerToolAI - AI Tool Comparisons,Jasper AI vs Writesonic,,Jasper AI or Writesonic? Find ,,,,https://rankertoolai.com/compare/jasper-vs-writesonic/
Headline 14,RankerToolAI - AI Tool Comparisons,Jasper AI vs Writesonic,,Side-by-Side: Jasper AI vs Wri,,,,https://rankertoolai.com/compare/jasper-vs-writesonic/
Headline 15,RankerToolAI - AI Tool Comparisons,Jasper AI vs Writesonic,,Free Comparison Report,,,,https://rankertoolai.com/compare/jasper-vs-writesonic/
Description 1,RankerToolAI - AI Tool Comparisons,Jasper AI vs Writesonic,,"We tested Jasper AI and Writesonic head-to-head. See full feature comparison, pricing brea",,,,
Description 2,RankerToolAI - AI Tool Comparisons,Jasper AI vs Writesonic,,"Jasper AI vs Writesonic: which AI tool performs better? Honest comparison with scores, pro",,,,
Description 3,RankerToolAI - AI Tool Comparisons,Jasper AI vs Writesonic,,Can't decide between Jasper AI and Writesonic? Our side-by-side comparison shows exactly w,,,,
Description 4,RankerToolAI - AI Tool Comparisons,Jasper AI vs Writesonic,,"Expert comparison: Jasper AI vs Writesonic. See speed, accuracy, pricing, and which one wi",,,,
Display URL Path 1,RankerToolAI - AI Tool Comparisons,Jasper AI vs Writesonic,,Compare,,,,
Display URL Path 2,RankerToolAI - AI Tool Comparisons,Jasper AI vs Writesonic,,Jasper -vs-Writeso,,,,
Ad Group,RankerToolAI - AI Tool Comparisons,ElevenLabs vs Murf AI,,,,,Enabled,
Keyword,RankerToolAI - AI Tool Comparisons,ElevenLabs vs Murf AI,Exact,elevenlabs vs murf ai,,2.5,Enabled,
Keyword,RankerToolAI - AI Tool Comparisons,ElevenLabs vs Murf AI,Exact,murf ai vs elevenlabs,,2.5,Enabled,
Keyword,RankerToolAI - AI Tool Comparisons,ElevenLabs vs Murf AI,Exact,elevenlabs or murf ai,,2.0,Enabled,
Keyword,RankerToolAI - AI Tool Comparisons,ElevenLabs vs Murf AI,Phrase,elevenlabs vs murf ai comparison,,2.0,Enabled,
Keyword,RankerToolAI - AI Tool Comparisons,ElevenLabs vs Murf AI,Phrase,difference between elevenlabs and murf ai,,1.8,Enabled,
Headline 1,RankerToolAI - AI Tool Comparisons,ElevenLabs vs Murf AI,,ElevenLabs vs Murf AI — 2026,,,,https://rankertoolai.com/compare/elevenlabs-vs-murf/
Headline 2,RankerToolAI - AI Tool Comparisons,ElevenLabs vs Murf AI,,Which Is Better: ElevenLabs or,,,,https://rankertoolai.com/compare/elevenlabs-vs-murf/
Headline 3,RankerToolAI - AI Tool Comparisons,ElevenLabs vs Murf AI,,ElevenLabs vs Murf AI Compared,,,,https://rankertoolai.com/compare/elevenlabs-vs-murf/
Headline 4,RankerToolAI - AI Tool Comparisons,ElevenLabs vs Murf AI,,See Head-to-Head Comparison,,,,https://rankertoolai.com/compare/elevenlabs-vs-murf/
Headline 5,RankerToolAI - AI Tool Comparisons,ElevenLabs vs Murf AI,,Which AI Tool Wins in 2026?,,,,https://rankertoolai.com/compare/elevenlabs-vs-murf/
Headline 6,RankerToolAI - AI Tool Comparisons,ElevenLabs vs Murf AI,,Expert Side-by-Side Comparison,,,,https://rankertoolai.com/compare/elevenlabs-vs-murf/
Headline 7,RankerToolAI - AI Tool Comparisons,ElevenLabs vs Murf AI,,ElevenLabs vs Murf AI — Pricin,,,,https://rankertoolai.com/compare/elevenlabs-vs-murf/
Headline 8,RankerToolAI - AI Tool Comparisons,ElevenLabs vs Murf AI,,Unbiased Head-to-Head Test,,,,https://rankertoolai.com/compare/elevenlabs-vs-murf/
Headline 9,RankerToolAI - AI Tool Comparisons,ElevenLabs vs Murf AI,,We Tested Both ElevenLabs & Mu,,,,https://rankertoolai.com/compare/elevenlabs-vs-murf/
Headline 10,RankerToolAI - AI Tool Comparisons,ElevenLabs vs Murf AI,,Find the Better AI Tool,,,,https://rankertoolai.com/compare/elevenlabs-vs-murf/
Headline 11,RankerToolAI - AI Tool Comparisons,ElevenLabs vs Murf AI,,Compare Features & Pricing,,,,https://rankertoolai.com/compare/elevenlabs-vs-murf/
Headline 12,RankerToolAI - AI Tool Comparisons,ElevenLabs vs Murf AI,,Updated July 2026,,,,https://rankertoolai.com/compare/elevenlabs-vs-murf/
Headline 13,RankerToolAI - AI Tool Comparisons,ElevenLabs vs Murf AI,,ElevenLabs or Murf AI? Find Ou,,,,https://rankertoolai.com/compare/elevenlabs-vs-murf/
Headline 14,RankerToolAI - AI Tool Comparisons,ElevenLabs vs Murf AI,,Side-by-Side: ElevenLabs vs Mu,,,,https://rankertoolai.com/compare/elevenlabs-vs-murf/
Headline 15,RankerToolAI - AI Tool Comparisons,ElevenLabs vs Murf AI,,Free Comparison Report,,,,https://rankertoolai.com/compare/elevenlabs-vs-murf/
Description 1,RankerToolAI - AI Tool Comparisons,ElevenLabs vs Murf AI,,"We tested ElevenLabs and Murf AI head-to-head. See full feature comparison, pricing breakd",,,,
Description 2,RankerToolAI - AI Tool Comparisons,ElevenLabs vs Murf AI,,"ElevenLabs vs Murf AI: which AI tool performs better? Honest comparison with scores, pros,",,,,
Description 3,RankerToolAI - AI Tool Comparisons,ElevenLabs vs Murf AI,,Can't decide between ElevenLabs and Murf AI? Our side-by-side comparison shows exactly whi,,,,
Description 4,RankerToolAI - AI Tool Comparisons,ElevenLabs vs Murf AI,,"Expert comparison: ElevenLabs vs Murf AI. See speed, accuracy, pricing, and which one wins",,,,
Display URL Path 1,RankerToolAI - AI Tool Comparisons,ElevenLabs vs Murf AI,,Compare,,,,
Display URL Path 2,RankerToolAI - AI Tool Comparisons,ElevenLabs vs Murf AI,,ElevenL-vs-Murf AI,,,,
Ad Group,RankerToolAI - AI Tool Comparisons,ElevenLabs vs LOVO AI,,,,,Enabled,
Keyword,RankerToolAI - AI Tool Comparisons,ElevenLabs vs LOVO AI,Exact,elevenlabs vs lovo ai,,2.5,Enabled,
Keyword,RankerToolAI - AI Tool Comparisons,ElevenLabs vs LOVO AI,Exact,lovo ai vs elevenlabs,,2.5,Enabled,
Keyword,RankerToolAI - AI Tool Comparisons,ElevenLabs vs LOVO AI,Exact,elevenlabs or lovo ai,,2.0,Enabled,
Keyword,RankerToolAI - AI Tool Comparisons,ElevenLabs vs LOVO AI,Phrase,elevenlabs vs lovo ai comparison,,2.0,Enabled,
Keyword,RankerToolAI - AI Tool Comparisons,ElevenLabs vs LOVO AI,Phrase,difference between elevenlabs and lovo ai,,1.8,Enabled,
Headline 1,RankerToolAI - AI Tool Comparisons,ElevenLabs vs LOVO AI,,ElevenLabs vs LOVO AI — 2026,,,,https://rankertoolai.com/compare/elevenlabs-vs-lovo-ai/
Headline 2,RankerToolAI - AI Tool Comparisons,ElevenLabs vs LOVO AI,,Which Is Better: ElevenLabs or,,,,https://rankertoolai.com/compare/elevenlabs-vs-lovo-ai/
Headline 3,RankerToolAI - AI Tool Comparisons,ElevenLabs vs LOVO AI,,ElevenLabs vs LOVO AI Compared,,,,https://rankertoolai.com/compare/elevenlabs-vs-lovo-ai/
Headline 4,RankerToolAI - AI Tool Comparisons,ElevenLabs vs LOVO AI,,See Head-to-Head Comparison,,,,https://rankertoolai.com/compare/elevenlabs-vs-lovo-ai/
Headline 5,RankerToolAI - AI Tool Comparisons,ElevenLabs vs LOVO AI,,Which AI Tool Wins in 2026?,,,,https://rankertoolai.com/compare/elevenlabs-vs-lovo-ai/
Headline 6,RankerToolAI - AI Tool Comparisons,ElevenLabs vs LOVO AI,,Expert Side-by-Side Comparison,,,,https://rankertoolai.com/compare/elevenlabs-vs-lovo-ai/
Headline 7,RankerToolAI - AI Tool Comparisons,ElevenLabs vs LOVO AI,,ElevenLabs vs LOVO AI — Pricin,,,,https://rankertoolai.com/compare/elevenlabs-vs-lovo-ai/
Headline 8,RankerToolAI - AI Tool Comparisons,ElevenLabs vs LOVO AI,,Unbiased Head-to-Head Test,,,,https://rankertoolai.com/compare/elevenlabs-vs-lovo-ai/
Headline 9,RankerToolAI - AI Tool Comparisons,ElevenLabs vs LOVO AI,,We Tested Both ElevenLabs & LO,,,,https://rankertoolai.com/compare/elevenlabs-vs-lovo-ai/
Headline 10,RankerToolAI - AI Tool Comparisons,ElevenLabs vs LOVO AI,,Find the Better AI Tool,,,,https://rankertoolai.com/compare/elevenlabs-vs-lovo-ai/
Headline 11,RankerToolAI - AI Tool Comparisons,ElevenLabs vs LOVO AI,,Compare Features & Pricing,,,,https://rankertoolai.com/compare/elevenlabs-vs-lovo-ai/
Headline 12,RankerToolAI - AI Tool Comparisons,ElevenLabs vs LOVO AI,,Updated July 2026,,,,https://rankertoolai.com/compare/elevenlabs-vs-lovo-ai/
Headline 13,RankerToolAI - AI Tool Comparisons,ElevenLabs vs LOVO AI,,ElevenLabs or LOVO AI? Find Ou,,,,https://rankertoolai.com/compare/elevenlabs-vs-lovo-ai/
Headline 14,RankerToolAI - AI Tool Comparisons,ElevenLabs vs LOVO AI,,Side-by-Side: ElevenLabs vs LO,,,,https://rankertoolai.com/compare/elevenlabs-vs-lovo-ai/
Headline 15,RankerToolAI - AI Tool Comparisons,ElevenLabs vs LOVO AI,,Free Comparison Report,,,,https://rankertoolai.com/compare/elevenlabs-vs-lovo-ai/
Description 1,RankerToolAI - AI Tool Comparisons,ElevenLabs vs LOVO AI,,"We tested ElevenLabs and LOVO AI head-to-head. See full feature comparison, pricing breakd",,,,
Description 2,RankerToolAI - AI Tool Comparisons,ElevenLabs vs LOVO AI,,"ElevenLabs vs LOVO AI: which AI tool performs better? Honest comparison with scores, pros,",,,,
Description 3,RankerToolAI - AI Tool Comparisons,ElevenLabs vs LOVO AI,,Can't decide between ElevenLabs and LOVO AI? Our side-by-side comparison shows exactly whi,,,,
Description 4,RankerToolAI - AI Tool Comparisons,ElevenLabs vs LOVO AI,,"Expert comparison: ElevenLabs vs LOVO AI. See speed, accuracy, pricing, and which one wins",,,,
Display URL Path 1,RankerToolAI - AI Tool Comparisons,ElevenLabs vs LOVO AI,,Compare,,,,
Display URL Path 2,RankerToolAI - AI Tool Comparisons,ElevenLabs vs LOVO AI,,ElevenL-vs-LOVO AI,,,,
Ad Group,RankerToolAI - AI Tool Comparisons,ElevenLabs vs Descript,,,,,Enabled,
Keyword,RankerToolAI - AI Tool Comparisons,ElevenLabs vs Descript,Exact,elevenlabs vs descript,,2.5,Enabled,
Keyword,RankerToolAI - AI Tool Comparisons,ElevenLabs vs Descript,Exact,descript vs elevenlabs,,2.5,Enabled,
Keyword,RankerToolAI - AI Tool Comparisons,ElevenLabs vs Descript,Exact,elevenlabs or descript,,2.0,Enabled,
Keyword,RankerToolAI - AI Tool Comparisons,ElevenLabs vs Descript,Phrase,elevenlabs vs descript comparison,,2.0,Enabled,
Keyword,RankerToolAI - AI Tool Comparisons,ElevenLabs vs Descript,Phrase,difference between elevenlabs and descript,,1.8,Enabled,
Headline 1,RankerToolAI - AI Tool Comparisons,ElevenLabs vs Descript,,ElevenLabs vs Descript — 2026,,,,https://rankertoolai.com/compare/elevenlabs-vs-descript/
Headline 2,RankerToolAI - AI Tool Comparisons,ElevenLabs vs Descript,,Which Is Better: ElevenLabs or,,,,https://rankertoolai.com/compare/elevenlabs-vs-descript/
Headline 3,RankerToolAI - AI Tool Comparisons,ElevenLabs vs Descript,,ElevenLabs vs Descript Compare,,,,https://rankertoolai.com/compare/elevenlabs-vs-descript/
Headline 4,RankerToolAI - AI Tool Comparisons,ElevenLabs vs Descript,,See Head-to-Head Comparison,,,,https://rankertoolai.com/compare/elevenlabs-vs-descript/
Headline 5,RankerToolAI - AI Tool Comparisons,ElevenLabs vs Descript,,Which AI Tool Wins in 2026?,,,,https://rankertoolai.com/compare/elevenlabs-vs-descript/
Headline 6,RankerToolAI - AI Tool Comparisons,ElevenLabs vs Descript,,Expert Side-by-Side Comparison,,,,https://rankertoolai.com/compare/elevenlabs-vs-descript/
Headline 7,RankerToolAI - AI Tool Comparisons,ElevenLabs vs Descript,,ElevenLabs vs Descript — Prici,,,,https://rankertoolai.com/compare/elevenlabs-vs-descript/
Headline 8,RankerToolAI - AI Tool Comparisons,ElevenLabs vs Descript,,Unbiased Head-to-Head Test,,,,https://rankertoolai.com/compare/elevenlabs-vs-descript/
Headline 9,RankerToolAI - AI Tool Comparisons,ElevenLabs vs Descript,,We Tested Both ElevenLabs & De,,,,https://rankertoolai.com/compare/elevenlabs-vs-descript/
Headline 10,RankerToolAI - AI Tool Comparisons,ElevenLabs vs Descript,,Find the Better AI Tool,,,,https://rankertoolai.com/compare/elevenlabs-vs-descript/
Headline 11,RankerToolAI - AI Tool Comparisons,ElevenLabs vs Descript,,Compare Features & Pricing,,,,https://rankertoolai.com/compare/elevenlabs-vs-descript/
Headline 12,RankerToolAI - AI Tool Comparisons,ElevenLabs vs Descript,,Updated July 2026,,,,https://rankertoolai.com/compare/elevenlabs-vs-descript/
Headline 13,RankerToolAI - AI Tool Comparisons,ElevenLabs vs Descript,,ElevenLabs or Descript? Find O,,,,https://rankertoolai.com/compare/elevenlabs-vs-descript/
Headline 14,RankerToolAI - AI Tool Comparisons,ElevenLabs vs Descript,,Side-by-Side: ElevenLabs vs De,,,,https://rankertoolai.com/compare/elevenlabs-vs-descript/
Headline 15,RankerToolAI - AI Tool Comparisons,ElevenLabs vs Descript,,Free Comparison Report,,,,https://rankertoolai.com/compare/elevenlabs-vs-descript/
Description 1,RankerToolAI - AI Tool Comparisons,ElevenLabs vs Descript,,"We tested ElevenLabs and Descript head-to-head. See full feature comparison, pricing break",,,,
Description 2,RankerToolAI - AI Tool Comparisons,ElevenLabs vs Descript,,"ElevenLabs vs Descript: which AI tool performs better? Honest comparison with scores, pros",,,,
Description 3,RankerToolAI - AI Tool Comparisons,ElevenLabs vs Descript,,Can't decide between ElevenLabs and Descript? Our side-by-side comparison shows exactly wh,,,,
Description 4,RankerToolAI - AI Tool Comparisons,ElevenLabs vs Descript,,"Expert comparison: ElevenLabs vs Descript. See speed, accuracy, pricing, and which one win",,,,
Display URL Path 1,RankerToolAI - AI Tool Comparisons,ElevenLabs vs Descript,,Compare,,,,
Display URL Path 2,RankerToolAI - AI Tool Comparisons,ElevenLabs vs Descript,,ElevenL-vs-Descrip,,,,
Ad Group,RankerToolAI - AI Tool Comparisons,Surfer SEO vs Semrush,,,,,Enabled,
Keyword,RankerToolAI - AI Tool Comparisons,Surfer SEO vs Semrush,Exact,surfer seo vs semrush,,2.5,Enabled,
Keyword,RankerToolAI - AI Tool Comparisons,Surfer SEO vs Semrush,Exact,semrush vs surfer seo,,2.5,Enabled,
Keyword,RankerToolAI - AI Tool Comparisons,Surfer SEO vs Semrush,Exact,surfer seo or semrush,,2.0,Enabled,
Keyword,RankerToolAI - AI Tool Comparisons,Surfer SEO vs Semrush,Phrase,surfer seo vs semrush comparison,,2.0,Enabled,
Keyword,RankerToolAI - AI Tool Comparisons,Surfer SEO vs Semrush,Phrase,difference between surfer seo and semrush,,1.8,Enabled,
Headline 1,RankerToolAI - AI Tool Comparisons,Surfer SEO vs Semrush,,Surfer SEO vs Semrush — 2026,,,,https://rankertoolai.com/compare/surfer-seo-vs-semrush/
Headline 2,RankerToolAI - AI Tool Comparisons,Surfer SEO vs Semrush,,Which Is Better: Surfer SEO or,,,,https://rankertoolai.com/compare/surfer-seo-vs-semrush/
Headline 3,RankerToolAI - AI Tool Comparisons,Surfer SEO vs Semrush,,Surfer SEO vs Semrush Compared,,,,https://rankertoolai.com/compare/surfer-seo-vs-semrush/
Headline 4,RankerToolAI - AI Tool Comparisons,Surfer SEO vs Semrush,,See Head-to-Head Comparison,,,,https://rankertoolai.com/compare/surfer-seo-vs-semrush/
Headline 5,RankerToolAI - AI Tool Comparisons,Surfer SEO vs Semrush,,Which AI Tool Wins in 2026?,,,,https://rankertoolai.com/compare/surfer-seo-vs-semrush/
Headline 6,RankerToolAI - AI Tool Comparisons,Surfer SEO vs Semrush,,Expert Side-by-Side Comparison,,,,https://rankertoolai.com/compare/surfer-seo-vs-semrush/
Headline 7,RankerToolAI - AI Tool Comparisons,Surfer SEO vs Semrush,,Surfer SEO vs Semrush — Pricin,,,,https://rankertoolai.com/compare/surfer-seo-vs-semrush/
Headline 8,RankerToolAI - AI Tool Comparisons,Surfer SEO vs Semrush,,Unbiased Head-to-Head Test,,,,https://rankertoolai.com/compare/surfer-seo-vs-semrush/
Headline 9,RankerToolAI - AI Tool Comparisons,Surfer SEO vs Semrush,,We Tested Both Surfer SEO & Se,,,,https://rankertoolai.com/compare/surfer-seo-vs-semrush/
Headline 10,RankerToolAI - AI Tool Comparisons,Surfer SEO vs Semrush,,Find the Better AI Tool,,,,https://rankertoolai.com/compare/surfer-seo-vs-semrush/
Headline 11,RankerToolAI - AI Tool Comparisons,Surfer SEO vs Semrush,,Compare Features & Pricing,,,,https://rankertoolai.com/compare/surfer-seo-vs-semrush/
Headline 12,RankerToolAI - AI Tool Comparisons,Surfer SEO vs Semrush,,Updated July 2026,,,,https://rankertoolai.com/compare/surfer-seo-vs-semrush/
Headline 13,RankerToolAI - AI Tool Comparisons,Surfer SEO vs Semrush,,Surfer SEO or Semrush? Find Ou,,,,https://rankertoolai.com/compare/surfer-seo-vs-semrush/
Headline 14,RankerToolAI - AI Tool Comparisons,Surfer SEO vs Semrush,,Side-by-Side: Surfer SEO vs Se,,,,https://rankertoolai.com/compare/surfer-seo-vs-semrush/
Headline 15,RankerToolAI - AI Tool Comparisons,Surfer SEO vs Semrush,,Free Comparison Report,,,,https://rankertoolai.com/compare/surfer-seo-vs-semrush/
Description 1,RankerToolAI - AI Tool Comparisons,Surfer SEO vs Semrush,,"We tested Surfer SEO and Semrush head-to-head. See full feature comparison, pricing breakd",,,,
Description 2,RankerToolAI - AI Tool Comparisons,Surfer SEO vs Semrush,,"Surfer SEO vs Semrush: which AI tool performs better? Honest comparison with scores, pros,",,,,
Description 3,RankerToolAI - AI Tool Comparisons,Surfer SEO vs Semrush,,Can't decide between Surfer SEO and Semrush? Our side-by-side comparison shows exactly whi,,,,
Description 4,RankerToolAI - AI Tool Comparisons,Surfer SEO vs Semrush,,"Expert comparison: Surfer SEO vs Semrush. See speed, accuracy, pricing, and which one wins",,,,
Display URL Path 1,RankerToolAI - AI Tool Comparisons,Surfer SEO vs Semrush,,Compare,,,,
Display URL Path 2,RankerToolAI - AI Tool Comparisons,Surfer SEO vs Semrush,,Surfer -vs-Semrush,,,,
Ad Group,RankerToolAI - AI Tool Comparisons,Midjourney vs Stable Diffusion,,,,,Enabled,
Keyword,RankerToolAI - AI Tool Comparisons,Midjourney vs Stable Diffusion,Exact,midjourney vs stable diffusion,,2.5,Enabled,
Keyword,RankerToolAI - AI Tool Comparisons,Midjourney vs Stable Diffusion,Exact,stable diffusion vs midjourney,,2.5,Enabled,
Keyword,RankerToolAI - AI Tool Comparisons,Midjourney vs Stable Diffusion,Exact,midjourney or stable diffusion,,2.0,Enabled,
Keyword,RankerToolAI - AI Tool Comparisons,Midjourney vs Stable Diffusion,Phrase,midjourney vs stable diffusion comparison,,2.0,Enabled,
Keyword,RankerToolAI - AI Tool Comparisons,Midjourney vs Stable Diffusion,Phrase,difference between midjourney and stable diffusion,,1.8,Enabled,
Headline 1,RankerToolAI - AI Tool Comparisons,Midjourney vs Stable Diffusion,,Midjourney vs Stable Diffusion,,,,https://rankertoolai.com/compare/midjourney-vs-stable-diffusion/
Headline 2,RankerToolAI - AI Tool Comparisons,Midjourney vs Stable Diffusion,,Which Is Better: Midjourney or,,,,https://rankertoolai.com/compare/midjourney-vs-stable-diffusion/
Headline 3,RankerToolAI - AI Tool Comparisons,Midjourney vs Stable Diffusion,,Midjourney vs Stable Diffusion,,,,https://rankertoolai.com/compare/midjourney-vs-stable-diffusion/
Headline 4,RankerToolAI - AI Tool Comparisons,Midjourney vs Stable Diffusion,,See Head-to-Head Comparison,,,,https://rankertoolai.com/compare/midjourney-vs-stable-diffusion/
Headline 5,RankerToolAI - AI Tool Comparisons,Midjourney vs Stable Diffusion,,Which AI Tool Wins in 2026?,,,,https://rankertoolai.com/compare/midjourney-vs-stable-diffusion/
Headline 6,RankerToolAI - AI Tool Comparisons,Midjourney vs Stable Diffusion,,Expert Side-by-Side Comparison,,,,https://rankertoolai.com/compare/midjourney-vs-stable-diffusion/
Headline 7,RankerToolAI - AI Tool Comparisons,Midjourney vs Stable Diffusion,,Midjourney vs Stable Diffusion,,,,https://rankertoolai.com/compare/midjourney-vs-stable-diffusion/
Headline 8,RankerToolAI - AI Tool Comparisons,Midjourney vs Stable Diffusion,,Unbiased Head-to-Head Test,,,,https://rankertoolai.com/compare/midjourney-vs-stable-diffusion/
Headline 9,RankerToolAI - AI Tool Comparisons,Midjourney vs Stable Diffusion,,We Tested Both Midjourney & St,,,,https://rankertoolai.com/compare/midjourney-vs-stable-diffusion/
Headline 10,RankerToolAI - AI Tool Comparisons,Midjourney vs Stable Diffusion,,Find the Better AI Tool,,,,https://rankertoolai.com/compare/midjourney-vs-stable-diffusion/
Headline 11,RankerToolAI - AI Tool Comparisons,Midjourney vs Stable Diffusion,,Compare Features & Pricing,,,,https://rankertoolai.com/compare/midjourney-vs-stable-diffusion/
Headline 12,RankerToolAI - AI Tool Comparisons,Midjourney vs Stable Diffusion,,Updated July 2026,,,,https://rankertoolai.com/compare/midjourney-vs-stable-diffusion/
Headline 13,RankerToolAI - AI Tool Comparisons,Midjourney vs Stable Diffusion,,Midjourney or Stable Diffusion,,,,https://rankertoolai.com/compare/midjourney-vs-stable-diffusion/
Headline 14,RankerToolAI - AI Tool Comparisons,Midjourney vs Stable Diffusion,,Side-by-Side: Midjourney vs St,,,,https://rankertoolai.com/compare/midjourney-vs-stable-diffusion/
Headline 15,RankerToolAI - AI Tool Comparisons,Midjourney vs Stable Diffusion,,Free Comparison Report,,,,https://rankertoolai.com/compare/midjourney-vs-stable-diffusion/
Description 1,RankerToolAI - AI Tool Comparisons,Midjourney vs Stable Diffusion,,"We tested Midjourney and Stable Diffusion head-to-head. See full feature comparison, prici",,,,
Description 2,RankerToolAI - AI Tool Comparisons,Midjourney vs Stable Diffusion,,Midjourney vs Stable Diffusion: which AI tool performs better? Honest comparison with scor,,,,
Description 3,RankerToolAI - AI Tool Comparisons,Midjourney vs Stable Diffusion,,Can't decide between Midjourney and Stable Diffusion? Our side-by-side comparison shows ex,,,,
Description 4,RankerToolAI - AI Tool Comparisons,Midjourney vs Stable Diffusion,,"Expert comparison: Midjourney vs Stable Diffusion. See speed, accuracy, pricing, and which",,,,
Display URL Path 1,RankerToolAI - AI Tool Comparisons,Midjourney vs Stable Diffusion,,Compare,,,,
Display URL Path 2,RankerToolAI - AI Tool Comparisons,Midjourney vs Stable Diffusion,,Midjour-vs-Stable ,,,,
Campaign,RankerToolAI - Best AI Tools,,,,,,Enabled,
Campaign Budget,RankerToolAI - Best AI Tools,,,Daily Budget,4.0,,,
Ad Group,RankerToolAI - Best AI Tools,Best AI Writing Tool,,,,,Enabled,
Keyword,RankerToolAI - Best AI Tools,Best AI Writing Tool,Exact,best ai writing tool,,2.0,Enabled,
Keyword,RankerToolAI - Best AI Tools,Best AI Writing Tool,Exact,best ai writing tool 2026,,2.2,Enabled,
Keyword,RankerToolAI - Best AI Tools,Best AI Writing Tool,Exact,top ai writing tool,,1.8,Enabled,
Keyword,RankerToolAI - Best AI Tools,Best AI Writing Tool,Phrase,ai writing tool comparison,,1.6,Enabled,
Keyword,RankerToolAI - Best AI Tools,Best AI Writing Tool,Phrase,ai writing tool review,,1.6,Enabled,
Headline 1,RankerToolAI - Best AI Tools,Best AI Writing Tool,,Best AI Writing Tool 2026,,,,https://rankertoolai.com/best/ai-writing-tool/
Headline 2,RankerToolAI - Best AI Tools,Best AI Writing Tool,,Top 2 AI Writing Tool Ranked,,,,https://rankertoolai.com/best/ai-writing-tool/
Headline 3,RankerToolAI - Best AI Tools,Best AI Writing Tool,,Expert-Ranked AI Writing Tool,,,,https://rankertoolai.com/best/ai-writing-tool/
Headline 4,RankerToolAI - Best AI Tools,Best AI Writing Tool,,"Jasper AI, Writesonic & More",,,,https://rankertoolai.com/best/ai-writing-tool/
Headline 5,RankerToolAI - Best AI Tools,Best AI Writing Tool,,We Tested 20+ AI Tools,,,,https://rankertoolai.com/best/ai-writing-tool/
Headline 6,RankerToolAI - Best AI Tools,Best AI Writing Tool,,Find the Right AI Tool,,,,https://rankertoolai.com/best/ai-writing-tool/
Headline 7,RankerToolAI - Best AI Tools,Best AI Writing Tool,,#1 Ranked: Jasper AI,,,,https://rankertoolai.com/best/ai-writing-tool/
Headline 8,RankerToolAI - Best AI Tools,Best AI Writing Tool,,Reviewed by Experts,,,,https://rankertoolai.com/best/ai-writing-tool/
Headline 9,RankerToolAI - Best AI Tools,Best AI Writing Tool,,Updated July 2026,,,,https://rankertoolai.com/best/ai-writing-tool/
Headline 10,RankerToolAI - Best AI Tools,Best AI Writing Tool,,Free Tier Options Included,,,,https://rankertoolai.com/best/ai-writing-tool/
Headline 11,RankerToolAI - Best AI Tools,Best AI Writing Tool,,Pricing Comparison Inside,,,,https://rankertoolai.com/best/ai-writing-tool/
Headline 12,RankerToolAI - Best AI Tools,Best AI Writing Tool,,Best Value AI Tools,,,,https://rankertoolai.com/best/ai-writing-tool/
Headline 13,RankerToolAI - Best AI Tools,Best AI Writing Tool,,AI Writing Tool — Full Ranking,,,,https://rankertoolai.com/best/ai-writing-tool/
Headline 14,RankerToolAI - Best AI Tools,Best AI Writing Tool,,Compare Top-Rated Options,,,,https://rankertoolai.com/best/ai-writing-tool/
Headline 15,RankerToolAI - Best AI Tools,Best AI Writing Tool,,No Paid Rankings,,,,https://rankertoolai.com/best/ai-writing-tool/
Description 1,RankerToolAI - Best AI Tools,Best AI Writing Tool,,"We tested the top AI Writing Tool in 2026. Expert scores, pricing comparison, and our top ",,,,
Description 2,RankerToolAI - Best AI Tools,Best AI Writing Tool,,"Find the best AI Writing Tool for your budget. Ranked by performance, ease of use, and val",,,,
Description 3,RankerToolAI - Best AI Tools,Best AI Writing Tool,,Our experts tested 2+ AI Writing Tool. See which ones are worth your money in 2026.,,,,
Description 4,RankerToolAI - Best AI Tools,Best AI Writing Tool,,"Compare the top AI Writing Tool: features, pricing, free trials. No sponsored placements —",,,,
Display URL Path 1,RankerToolAI - Best AI Tools,Best AI Writing Tool,,Best,,,,
Display URL Path 2,RankerToolAI - Best AI Tools,Best AI Writing Tool,,ai-writing-tool,,,,
Ad Group,RankerToolAI - Best AI Tools,Best AI Image Generator,,,,,Enabled,
Keyword,RankerToolAI - Best AI Tools,Best AI Image Generator,Exact,best ai image generator,,2.0,Enabled,
Keyword,RankerToolAI - Best AI Tools,Best AI Image Generator,Exact,best ai image generator 2026,,2.2,Enabled,
Keyword,RankerToolAI - Best AI Tools,Best AI Image Generator,Exact,top ai image generator,,1.8,Enabled,
Keyword,RankerToolAI - Best AI Tools,Best AI Image Generator,Phrase,ai image generator comparison,,1.6,Enabled,
Keyword,RankerToolAI - Best AI Tools,Best AI Image Generator,Phrase,ai image generator review,,1.6,Enabled,
Headline 1,RankerToolAI - Best AI Tools,Best AI Image Generator,,Best AI Image Generator 2026,,,,https://rankertoolai.com/best/ai-image-generator/
Headline 2,RankerToolAI - Best AI Tools,Best AI Image Generator,,Top 2 AI Image Generator Ranke,,,,https://rankertoolai.com/best/ai-image-generator/
Headline 3,RankerToolAI - Best AI Tools,Best AI Image Generator,,Expert-Ranked AI Image Generat,,,,https://rankertoolai.com/best/ai-image-generator/
Headline 4,RankerToolAI - Best AI Tools,Best AI Image Generator,,"Stable Diffusion, Midjourney &",,,,https://rankertoolai.com/best/ai-image-generator/
Headline 5,RankerToolAI - Best AI Tools,Best AI Image Generator,,We Tested 20+ AI Tools,,,,https://rankertoolai.com/best/ai-image-generator/
Headline 6,RankerToolAI - Best AI Tools,Best AI Image Generator,,Find the Right AI Tool,,,,https://rankertoolai.com/best/ai-image-generator/
Headline 7,RankerToolAI - Best AI Tools,Best AI Image Generator,,#1 Ranked: Stable Diffusion,,,,https://rankertoolai.com/best/ai-image-generator/
Headline 8,RankerToolAI - Best AI Tools,Best AI Image Generator,,Reviewed by Experts,,,,https://rankertoolai.com/best/ai-image-generator/
Headline 9,RankerToolAI - Best AI Tools,Best AI Image Generator,,Updated July 2026,,,,https://rankertoolai.com/best/ai-image-generator/
Headline 10,RankerToolAI - Best AI Tools,Best AI Image Generator,,Free Tier Options Included,,,,https://rankertoolai.com/best/ai-image-generator/
Headline 11,RankerToolAI - Best AI Tools,Best AI Image Generator,,Pricing Comparison Inside,,,,https://rankertoolai.com/best/ai-image-generator/
Headline 12,RankerToolAI - Best AI Tools,Best AI Image Generator,,Best Value AI Tools,,,,https://rankertoolai.com/best/ai-image-generator/
Headline 13,RankerToolAI - Best AI Tools,Best AI Image Generator,,AI Image Generator — Full Rank,,,,https://rankertoolai.com/best/ai-image-generator/
Headline 14,RankerToolAI - Best AI Tools,Best AI Image Generator,,Compare Top-Rated Options,,,,https://rankertoolai.com/best/ai-image-generator/
Headline 15,RankerToolAI - Best AI Tools,Best AI Image Generator,,No Paid Rankings,,,,https://rankertoolai.com/best/ai-image-generator/
Description 1,RankerToolAI - Best AI Tools,Best AI Image Generator,,"We tested the top AI Image Generator in 2026. Expert scores, pricing comparison, and our t",,,,
Description 2,RankerToolAI - Best AI Tools,Best AI Image Generator,,"Find the best AI Image Generator for your budget. Ranked by performance, ease of use, and ",,,,
Description 3,RankerToolAI - Best AI Tools,Best AI Image Generator,,Our experts tested 2+ AI Image Generator. See which ones are worth your money in 2026.,,,,
Description 4,RankerToolAI - Best AI Tools,Best AI Image Generator,,"Compare the top AI Image Generator: features, pricing, free trials. No sponsored placement",,,,
Display URL Path 1,RankerToolAI - Best AI Tools,Best AI Image Generator,,Best,,,,
Display URL Path 2,RankerToolAI - Best AI Tools,Best AI Image Generator,,ai-image-genera,,,,
Ad Group,RankerToolAI - Best AI Tools,Best AI Coding Tool,,,,,Enabled,
Keyword,RankerToolAI - Best AI Tools,Best AI Coding Tool,Exact,best ai coding tool,,2.0,Enabled,
Keyword,RankerToolAI - Best AI Tools,Best AI Coding Tool,Exact,best ai coding tool 2026,,2.2,Enabled,
Keyword,RankerToolAI - Best AI Tools,Best AI Coding Tool,Exact,top ai coding tool,,1.8,Enabled,
Keyword,RankerToolAI - Best AI Tools,Best AI Coding Tool,Phrase,ai coding tool comparison,,1.6,Enabled,
Keyword,RankerToolAI - Best AI Tools,Best AI Coding Tool,Phrase,ai coding tool review,,1.6,Enabled,
Headline 1,RankerToolAI - Best AI Tools,Best AI Coding Tool,,Best AI Coding Tool 2026,,,,https://rankertoolai.com/best/ai-coding-tool/
Headline 2,RankerToolAI - Best AI Tools,Best AI Coding Tool,,Top 2 AI Coding Tool Ranked,,,,https://rankertoolai.com/best/ai-coding-tool/
Headline 3,RankerToolAI - Best AI Tools,Best AI Coding Tool,,Expert-Ranked AI Coding Tool,,,,https://rankertoolai.com/best/ai-coding-tool/
Headline 4,RankerToolAI - Best AI Tools,Best AI Coding Tool,,"Cursor, GitHub Copilot & More",,,,https://rankertoolai.com/best/ai-coding-tool/
Headline 5,RankerToolAI - Best AI Tools,Best AI Coding Tool,,We Tested 20+ AI Tools,,,,https://rankertoolai.com/best/ai-coding-tool/
Headline 6,RankerToolAI - Best AI Tools,Best AI Coding Tool,,Find the Right AI Tool,,,,https://rankertoolai.com/best/ai-coding-tool/
Headline 7,RankerToolAI - Best AI Tools,Best AI Coding Tool,,#1 Ranked: Cursor,,,,https://rankertoolai.com/best/ai-coding-tool/
Headline 8,RankerToolAI - Best AI Tools,Best AI Coding Tool,,Reviewed by Experts,,,,https://rankertoolai.com/best/ai-coding-tool/
Headline 9,RankerToolAI - Best AI Tools,Best AI Coding Tool,,Updated July 2026,,,,https://rankertoolai.com/best/ai-coding-tool/
Headline 10,RankerToolAI - Best AI Tools,Best AI Coding Tool,,Free Tier Options Included,,,,https://rankertoolai.com/best/ai-coding-tool/
Headline 11,RankerToolAI - Best AI Tools,Best AI Coding Tool,,Pricing Comparison Inside,,,,https://rankertoolai.com/best/ai-coding-tool/
Headline 12,RankerToolAI - Best AI Tools,Best AI Coding Tool,,Best Value AI Tools,,,,https://rankertoolai.com/best/ai-coding-tool/
Headline 13,RankerToolAI - Best AI Tools,Best AI Coding Tool,,AI Coding Tool — Full Rankings,,,,https://rankertoolai.com/best/ai-coding-tool/
Headline 14,RankerToolAI - Best AI Tools,Best AI Coding Tool,,Compare Top-Rated Options,,,,https://rankertoolai.com/best/ai-coding-tool/
Headline 15,RankerToolAI - Best AI Tools,Best AI Coding Tool,,No Paid Rankings,,,,https://rankertoolai.com/best/ai-coding-tool/
Description 1,RankerToolAI - Best AI Tools,Best AI Coding Tool,,"We tested the top AI Coding Tool in 2026. Expert scores, pricing comparison, and our top p",,,,
Description 2,RankerToolAI - Best AI Tools,Best AI Coding Tool,,"Find the best AI Coding Tool for your budget. Ranked by performance, ease of use, and valu",,,,
Description 3,RankerToolAI - Best AI Tools,Best AI Coding Tool,,Our experts tested 2+ AI Coding Tool. See which ones are worth your money in 2026.,,,,
Description 4,RankerToolAI - Best AI Tools,Best AI Coding Tool,,"Compare the top AI Coding Tool: features, pricing, free trials. No sponsored placements — ",,,,
Display URL Path 1,RankerToolAI - Best AI Tools,Best AI Coding Tool,,Best,,,,
Display URL Path 2,RankerToolAI - Best AI Tools,Best AI Coding Tool,,ai-coding-tool,,,,
Ad Group,RankerToolAI - Best AI Tools,Best AI SEO Tool,,,,,Enabled,
Keyword,RankerToolAI - Best AI Tools,Best AI SEO Tool,Exact,best ai seo tool,,2.0,Enabled,
Keyword,RankerToolAI - Best AI Tools,Best AI SEO Tool,Exact,best ai seo tool 2026,,2.2,Enabled,
Keyword,RankerToolAI - Best AI Tools,Best AI SEO Tool,Exact,top ai seo tool,,1.8,Enabled,
Keyword,RankerToolAI - Best AI Tools,Best AI SEO Tool,Phrase,ai seo tool comparison,,1.6,Enabled,
Keyword,RankerToolAI - Best AI Tools,Best AI SEO Tool,Phrase,ai seo tool review,,1.6,Enabled,
Headline 1,RankerToolAI - Best AI Tools,Best AI SEO Tool,,Best AI SEO Tool 2026,,,,https://rankertoolai.com/best/ai-seo-tool/
Headline 2,RankerToolAI - Best AI Tools,Best AI SEO Tool,,Top 1 AI SEO Tool Ranked,,,,https://rankertoolai.com/best/ai-seo-tool/
Headline 3,RankerToolAI - Best AI Tools,Best AI SEO Tool,,Expert-Ranked AI SEO Tool,,,,https://rankertoolai.com/best/ai-seo-tool/
Headline 4,RankerToolAI - Best AI Tools,Best AI SEO Tool,,Surfer SEO & More,,,,https://rankertoolai.com/best/ai-seo-tool/
Headline 5,RankerToolAI - Best AI Tools,Best AI SEO Tool,,We Tested 20+ AI Tools,,,,https://rankertoolai.com/best/ai-seo-tool/
Headline 6,RankerToolAI - Best AI Tools,Best AI SEO Tool,,Find the Right AI Tool,,,,https://rankertoolai.com/best/ai-seo-tool/
Headline 7,RankerToolAI - Best AI Tools,Best AI SEO Tool,,#1 Ranked: Surfer SEO,,,,https://rankertoolai.com/best/ai-seo-tool/
Headline 8,RankerToolAI - Best AI Tools,Best AI SEO Tool,,Reviewed by Experts,,,,https://rankertoolai.com/best/ai-seo-tool/
Headline 9,RankerToolAI - Best AI Tools,Best AI SEO Tool,,Updated July 2026,,,,https://rankertoolai.com/best/ai-seo-tool/
Headline 10,RankerToolAI - Best AI Tools,Best AI SEO Tool,,Free Tier Options Included,,,,https://rankertoolai.com/best/ai-seo-tool/
Headline 11,RankerToolAI - Best AI Tools,Best AI SEO Tool,,Pricing Comparison Inside,,,,https://rankertoolai.com/best/ai-seo-tool/
Headline 12,RankerToolAI - Best AI Tools,Best AI SEO Tool,,Best Value AI Tools,,,,https://rankertoolai.com/best/ai-seo-tool/
Headline 13,RankerToolAI - Best AI Tools,Best AI SEO Tool,,AI SEO Tool — Full Rankings,,,,https://rankertoolai.com/best/ai-seo-tool/
Headline 14,RankerToolAI - Best AI Tools,Best AI SEO Tool,,Compare Top-Rated Options,,,,https://rankertoolai.com/best/ai-seo-tool/
Headline 15,RankerToolAI - Best AI Tools,Best AI SEO Tool,,No Paid Rankings,,,,https://rankertoolai.com/best/ai-seo-tool/
Description 1,RankerToolAI - Best AI Tools,Best AI SEO Tool,,"We tested the top AI SEO Tool in 2026. Expert scores, pricing comparison, and our top pick",,,,
Description 2,RankerToolAI - Best AI Tools,Best AI SEO Tool,,"Find the best AI SEO Tool for your budget. Ranked by performance, ease of use, and value f",,,,
Description 3,RankerToolAI - Best AI Tools,Best AI SEO Tool,,Our experts tested 1+ AI SEO Tool. See which ones are worth your money in 2026.,,,,
Description 4,RankerToolAI - Best AI Tools,Best AI SEO Tool,,"Compare the top AI SEO Tool: features, pricing, free trials. No sponsored placements — jus",,,,
Display URL Path 1,RankerToolAI - Best AI Tools,Best AI SEO Tool,,Best,,,,
Display URL Path 2,RankerToolAI - Best AI Tools,Best AI SEO Tool,,ai-seo-tool,,,,
Ad Group,RankerToolAI - Best AI Tools,Best AI Voice Generator,,,,,Enabled,
Keyword,RankerToolAI - Best AI Tools,Best AI Voice Generator,Exact,best ai voice generator,,2.0,Enabled,
Keyword,RankerToolAI - Best AI Tools,Best AI Voice Generator,Exact,best ai voice generator 2026,,2.2,Enabled,
Keyword,RankerToolAI - Best AI Tools,Best AI Voice Generator,Exact,top ai voice generator,,1.8,Enabled,
Keyword,RankerToolAI - Best AI Tools,Best AI Voice Generator,Phrase,ai voice generator comparison,,1.6,Enabled,
Keyword,RankerToolAI - Best AI Tools,Best AI Voice Generator,Phrase,ai voice generator review,,1.6,Enabled,
Headline 1,RankerToolAI - Best AI Tools,Best AI Voice Generator,,Best AI Voice Generator 2026,,,,https://rankertoolai.com/best/ai-voice-generator/
Headline 2,RankerToolAI - Best AI Tools,Best AI Voice Generator,,Top 4 AI Voice Generator Ranke,,,,https://rankertoolai.com/best/ai-voice-generator/
Headline 3,RankerToolAI - Best AI Tools,Best AI Voice Generator,,Expert-Ranked AI Voice Generat,,,,https://rankertoolai.com/best/ai-voice-generator/
Headline 4,RankerToolAI - Best AI Tools,Best AI Voice Generator,,"ElevenLabs, LOVO AI, Descript ",,,,https://rankertoolai.com/best/ai-voice-generator/
Headline 5,RankerToolAI - Best AI Tools,Best AI Voice Generator,,We Tested 20+ AI Tools,,,,https://rankertoolai.com/best/ai-voice-generator/
Headline 6,RankerToolAI - Best AI Tools,Best AI Voice Generator,,Find the Right AI Tool,,,,https://rankertoolai.com/best/ai-voice-generator/
Headline 7,RankerToolAI - Best AI Tools,Best AI Voice Generator,,#1 Ranked: ElevenLabs,,,,https://rankertoolai.com/best/ai-voice-generator/
Headline 8,RankerToolAI - Best AI Tools,Best AI Voice Generator,,Reviewed by Experts,,,,https://rankertoolai.com/best/ai-voice-generator/
Headline 9,RankerToolAI - Best AI Tools,Best AI Voice Generator,,Updated July 2026,,,,https://rankertoolai.com/best/ai-voice-generator/
Headline 10,RankerToolAI - Best AI Tools,Best AI Voice Generator,,Free Tier Options Included,,,,https://rankertoolai.com/best/ai-voice-generator/
Headline 11,RankerToolAI - Best AI Tools,Best AI Voice Generator,,Pricing Comparison Inside,,,,https://rankertoolai.com/best/ai-voice-generator/
Headline 12,RankerToolAI - Best AI Tools,Best AI Voice Generator,,Best Value AI Tools,,,,https://rankertoolai.com/best/ai-voice-generator/
Headline 13,RankerToolAI - Best AI Tools,Best AI Voice Generator,,AI Voice Generator — Full Rank,,,,https://rankertoolai.com/best/ai-voice-generator/
Headline 14,RankerToolAI - Best AI Tools,Best AI Voice Generator,,Compare Top-Rated Options,,,,https://rankertoolai.com/best/ai-voice-generator/
Headline 15,RankerToolAI - Best AI Tools,Best AI Voice Generator,,No Paid Rankings,,,,https://rankertoolai.com/best/ai-voice-generator/
Description 1,RankerToolAI - Best AI Tools,Best AI Voice Generator,,"We tested the top AI Voice Generator in 2026. Expert scores, pricing comparison, and our t",,,,
Description 2,RankerToolAI - Best AI Tools,Best AI Voice Generator,,"Find the best AI Voice Generator for your budget. Ranked by performance, ease of use, and ",,,,
Description 3,RankerToolAI - Best AI Tools,Best AI Voice Generator,,Our experts tested 4+ AI Voice Generator. See which ones are worth your money in 2026.,,,,
Description 4,RankerToolAI - Best AI Tools,Best AI Voice Generator,,"Compare the top AI Voice Generator: features, pricing, free trials. No sponsored placement",,,,
Display URL Path 1,RankerToolAI - Best AI Tools,Best AI Voice Generator,,Best,,,,
Display URL Path 2,RankerToolAI - Best AI Tools,Best AI Voice Generator,,ai-voice-genera,,,,
Ad Group,RankerToolAI - Best AI Tools,Best AI Chatbot,,,,,Enabled,
Keyword,RankerToolAI - Best AI Tools,Best AI Chatbot,Exact,best ai chatbot,,2.0,Enabled,
Keyword,RankerToolAI - Best AI Tools,Best AI Chatbot,Exact,best ai chatbot 2026,,2.2,Enabled,
Keyword,RankerToolAI - Best AI Tools,Best AI Chatbot,Exact,top ai chatbot,,1.8,Enabled,
Keyword,RankerToolAI - Best AI Tools,Best AI Chatbot,Phrase,ai chatbot comparison,,1.6,Enabled,
Keyword,RankerToolAI - Best AI Tools,Best AI Chatbot,Phrase,ai chatbot review,,1.6,Enabled,
Headline 1,RankerToolAI - Best AI Tools,Best AI Chatbot,,Best AI Chatbot 2026,,,,https://rankertoolai.com/best/ai-chatbot/
Headline 2,RankerToolAI - Best AI Tools,Best AI Chatbot,,Top 5 AI Chatbot Ranked,,,,https://rankertoolai.com/best/ai-chatbot/
Headline 3,RankerToolAI - Best AI Tools,Best AI Chatbot,,Expert-Ranked AI Chatbot,,,,https://rankertoolai.com/best/ai-chatbot/
Headline 4,RankerToolAI - Best AI Tools,Best AI Chatbot,,"Grok 3, ChatGPT, Claude & More",,,,https://rankertoolai.com/best/ai-chatbot/
Headline 5,RankerToolAI - Best AI Tools,Best AI Chatbot,,We Tested 20+ AI Tools,,,,https://rankertoolai.com/best/ai-chatbot/
Headline 6,RankerToolAI - Best AI Tools,Best AI Chatbot,,Find the Right AI Tool,,,,https://rankertoolai.com/best/ai-chatbot/
Headline 7,RankerToolAI - Best AI Tools,Best AI Chatbot,,#1 Ranked: Grok 3,,,,https://rankertoolai.com/best/ai-chatbot/
Headline 8,RankerToolAI - Best AI Tools,Best AI Chatbot,,Reviewed by Experts,,,,https://rankertoolai.com/best/ai-chatbot/
Headline 9,RankerToolAI - Best AI Tools,Best AI Chatbot,,Updated July 2026,,,,https://rankertoolai.com/best/ai-chatbot/
Headline 10,RankerToolAI - Best AI Tools,Best AI Chatbot,,Free Tier Options Included,,,,https://rankertoolai.com/best/ai-chatbot/
Headline 11,RankerToolAI - Best AI Tools,Best AI Chatbot,,Pricing Comparison Inside,,,,https://rankertoolai.com/best/ai-chatbot/
Headline 12,RankerToolAI - Best AI Tools,Best AI Chatbot,,Best Value AI Tools,,,,https://rankertoolai.com/best/ai-chatbot/
Headline 13,RankerToolAI - Best AI Tools,Best AI Chatbot,,AI Chatbot — Full Rankings,,,,https://rankertoolai.com/best/ai-chatbot/
Headline 14,RankerToolAI - Best AI Tools,Best AI Chatbot,,Compare Top-Rated Options,,,,https://rankertoolai.com/best/ai-chatbot/
Headline 15,RankerToolAI - Best AI Tools,Best AI Chatbot,,No Paid Rankings,,,,https://rankertoolai.com/best/ai-chatbot/
Description 1,RankerToolAI - Best AI Tools,Best AI Chatbot,,"We tested the top AI Chatbot in 2026. Expert scores, pricing comparison, and our top pick.",,,,
Description 2,RankerToolAI - Best AI Tools,Best AI Chatbot,,"Find the best AI Chatbot for your budget. Ranked by performance, ease of use, and value fo",,,,
Description 3,RankerToolAI - Best AI Tools,Best AI Chatbot,,Our experts tested 5+ AI Chatbot. See which ones are worth your money in 2026.,,,,
Description 4,RankerToolAI - Best AI Tools,Best AI Chatbot,,"Compare the top AI Chatbot: features, pricing, free trials. No sponsored placements — just",,,,
Display URL Path 1,RankerToolAI - Best AI Tools,Best AI Chatbot,,Best,,,,
Display URL Path 2,RankerToolAI - Best AI Tools,Best AI Chatbot,,ai-chatbot,,,,
Ad Group,RankerToolAI - Best AI Tools,Best AI Productivity Tool,,,,,Enabled,
Keyword,RankerToolAI - Best AI Tools,Best AI Productivity Tool,Exact,best ai productivity tool,,2.0,Enabled,
Keyword,RankerToolAI - Best AI Tools,Best AI Productivity Tool,Exact,best ai productivity tool 2026,,2.2,Enabled,
Keyword,RankerToolAI - Best AI Tools,Best AI Productivity Tool,Exact,top ai productivity tool,,1.8,Enabled,
Keyword,RankerToolAI - Best AI Tools,Best AI Productivity Tool,Phrase,ai productivity tool comparison,,1.6,Enabled,
Keyword,RankerToolAI - Best AI Tools,Best AI Productivity Tool,Phrase,ai productivity tool review,,1.6,Enabled,
Headline 1,RankerToolAI - Best AI Tools,Best AI Productivity Tool,,Best AI Productivity Tool 2026,,,,https://rankertoolai.com/best/ai-productivity-tool/
Headline 2,RankerToolAI - Best AI Tools,Best AI Productivity Tool,,Top 2 AI Productivity Tool Ran,,,,https://rankertoolai.com/best/ai-productivity-tool/
Headline 3,RankerToolAI - Best AI Tools,Best AI Productivity Tool,,Expert-Ranked AI Productivity ,,,,https://rankertoolai.com/best/ai-productivity-tool/
Headline 4,RankerToolAI - Best AI Tools,Best AI Productivity Tool,,"Notion AI, Otter.ai & More",,,,https://rankertoolai.com/best/ai-productivity-tool/
Headline 5,RankerToolAI - Best AI Tools,Best AI Productivity Tool,,We Tested 20+ AI Tools,,,,https://rankertoolai.com/best/ai-productivity-tool/
Headline 6,RankerToolAI - Best AI Tools,Best AI Productivity Tool,,Find the Right AI Tool,,,,https://rankertoolai.com/best/ai-productivity-tool/
Headline 7,RankerToolAI - Best AI Tools,Best AI Productivity Tool,,#1 Ranked: Notion AI,,,,https://rankertoolai.com/best/ai-productivity-tool/
Headline 8,RankerToolAI - Best AI Tools,Best AI Productivity Tool,,Reviewed by Experts,,,,https://rankertoolai.com/best/ai-productivity-tool/
Headline 9,RankerToolAI - Best AI Tools,Best AI Productivity Tool,,Updated July 2026,,,,https://rankertoolai.com/best/ai-productivity-tool/
Headline 10,RankerToolAI - Best AI Tools,Best AI Productivity Tool,,Free Tier Options Included,,,,https://rankertoolai.com/best/ai-productivity-tool/
Headline 11,RankerToolAI - Best AI Tools,Best AI Productivity Tool,,Pricing Comparison Inside,,,,https://rankertoolai.com/best/ai-productivity-tool/
Headline 12,RankerToolAI - Best AI Tools,Best AI Productivity Tool,,Best Value AI Tools,,,,https://rankertoolai.com/best/ai-productivity-tool/
Headline 13,RankerToolAI - Best AI Tools,Best AI Productivity Tool,,AI Productivity Tool — Full Ra,,,,https://rankertoolai.com/best/ai-productivity-tool/
Headline 14,RankerToolAI - Best AI Tools,Best AI Productivity Tool,,Compare Top-Rated Options,,,,https://rankertoolai.com/best/ai-productivity-tool/
Headline 15,RankerToolAI - Best AI Tools,Best AI Productivity Tool,,No Paid Rankings,,,,https://rankertoolai.com/best/ai-productivity-tool/
Description 1,RankerToolAI - Best AI Tools,Best AI Productivity Tool,,"We tested the top AI Productivity Tool in 2026. Expert scores, pricing comparison, and our",,,,
Description 2,RankerToolAI - Best AI Tools,Best AI Productivity Tool,,"Find the best AI Productivity Tool for your budget. Ranked by performance, ease of use, an",,,,
Description 3,RankerToolAI - Best AI Tools,Best AI Productivity Tool,,Our experts tested 2+ AI Productivity Tool. See which ones are worth your money in 2026.,,,,
Description 4,RankerToolAI - Best AI Tools,Best AI Productivity Tool,,"Compare the top AI Productivity Tool: features, pricing, free trials. No sponsored placeme",,,,
Display URL Path 1,RankerToolAI - Best AI Tools,Best AI Productivity Tool,,Best,,,,
Display URL Path 2,RankerToolAI - Best AI Tools,Best AI Productivity Tool,,ai-productivity,,,,
